customer_id,customer_type,customer_region
C0001,Individual,North
C0002,Individual,Central
C0003,Enterprise,Central
C0004,Business,South
C0005,Enterprise,East
C0006,Individual,South
C0007,Individual,West
C0008,Individual,North
C0009,Individual,North
C0010,Business,Central
C0011,Individual,Central
C0012,Individual,North
C0013,Individual,East
C0014,Individual,West
C0015,Business,West
C0016,Individual,Central
C0017,Individual,West
C0018,Individual,North
C0019,Individual,Central
C0020,Business,West
C0021,Business,East
C0022,Enterprise,Central
C0023,Business,North
C0024,Individual,North
C0025,Individual,East
C0026,Individual,South
C0027,Individual,West
C0028,Business,Central
C0029,Individual,North
C0030,Business,South
C0031,Individual,South
C0032,Individual,North
C0033,Individual,East
C0034,Business,West
C0035,Individual,West
C0036,Individual,East
C0037,Individual,West
C0038,Individual,South
C0039,Individual,East
C0040,Business,North
C0041,Individual,North
C0042,Individual,North
C0043,Individual,South
C0044,Individual,North
C0045,Business,West
C0046,Individual,North
C0047,Individual,Central
C0048,Individual,South
C0049,Enterprise,Central
C0050,Business,Central
C0051,Individual,Central
C0052,Individual,South
C0053,Individual,South
C0054,Business,East
C0055,Individual,East
C0056,Individual,North
C0057,Individual,North
C0058,Individual,North
C0059,Individual,East
C0060,Business,Central
C0061,Individual,Central
C0062,Individual,East
C0063,Individual,South
C0064,Enterprise,Central
C0065,Individual,Central
C0066,Business,West
C0067,Individual,West
C0068,Individual,East
C0069,Individual,South
C0070,Individual,South
C0071,Individual,West
C0072,Business,West
C0073,Individual,Central
C0074,Individual,East
C0075,Individual,Central
C0076,Enterprise,Central
C0077,Business,East
C0078,Individual,North
C0079,Enterprise,West
C0080,Individual,Central
C0081,Individual,South
C0082,Business,West
C0083,Business,West
C0084,Individual,Central
C0085,Individual,North
C0086,Individual,South
C0087,Business,Central
C0088,Individual,West
C0089,Individual,West
C0090,Individual,Central
C0091,Individual,Central
C0092,Individual,Central
C0093,Business,West
C0094,Individual,Central
C0095,Individual,North
C0096,Individual,South
C0097,Business,South
C0098,Individual,Central
C0099,Individual,Central
C0100,Business,West
C0101,Business,West
C0102,Business,East
C0103,Business,Central
C0104,Individual,North
C0105,Business,South
C0106,Individual,North
C0107,Business,West
C0108,Business,East
C0109,Business,Central
C0110,Individual,West
C0111,Individual,West
C0112,Individual,Central
C0113,Enterprise,South
C0114,Business,North
C0115,Individual,North
C0116,Individual,Central
C0117,Individual,South
C0118,Business,West
C0119,Business,South
C0120,Individual,Central
C0121,Individual,South
C0122,Business,North
C0123,Business,West
C0124,Individual,South
C0125,Individual,Central
C0126,Individual,Central
C0127,Individual,East
C0128,Individual,North
C0129,Individual,East
C0130,Business,Central
C0131,Individual,North
C0132,Business,South
C0133,Individual,West
C0134,Individual,West
C0135,Individual,Central
C0136,Individual,North
C0137,Business,Central
C0138,Enterprise,South
C0139,Individual,South
C0140,Individual,West
C0141,Business,West
C0142,Individual,North
C0143,Individual,South
C0144,Business,West
C0145,Individual,East
C0146,Individual,Central
C0147,Individual,North
C0148,Business,North
C0149,Individual,Central
C0150,Individual,Central
C0151,Business,Central
C0152,Individual,East
C0153,Business,North
C0154,Individual,Central
C0155,Enterprise,Central
C0156,Individual,East
C0157,Individual,West
C0158,Individual,South
C0159,Individual,North
C0160,Business,West
C0161,Enterprise,Central
C0162,Individual,Central
C0163,Individual,North
C0164,Business,Central
C0165,Business,North
C0166,Individual,West
C0167,Individual,South
C0168,Individual,North
C0169,Individual,West
C0170,Individual,Central
C0171,Individual,Central
C0172,Individual,South
C0173,Business,South
C0174,Individual,Central
C0175,Individual,North
C0176,Individual,East
C0177,Individual,East
C0178,Individual,East
C0179,Individual,North
C0180,Individual,Central
C0181,Individual,North
C0182,Individual,Central
C0183,Individual,West
C0184,Business,South
C0185,Individual,North
C0186,Business,East
C0187,Individual,South
C0188,Individual,North
C0189,Individual,East
C0190,Individual,West
C0191,Business,East
C0192,Business,Central
C0193,Business,South
C0194,Individual,East
C0195,Individual,Central
C0196,Individual,Central
C0197,Individual,West
C0198,Individual,Central
C0199,Individual,East
C0200,Individual,South
C0201,Individual,South
C0202,Business,Central
C0203,Enterprise,East
C0204,Business,North
C0205,Individual,South
C0206,Individual,East
C0207,Individual,East
C0208,Business,West
C0209,Individual,South
C0210,Individual,North
C0211,Business,West
C0212,Individual,East
C0213,Individual,North
C0214,Individual,Central
C0215,Individual,East
C0216,Individual,North
C0217,Individual,East
C0218,Individual,South
C0219,Individual,Central
C0220,Business,South
C0221,Individual,Central
C0222,Individual,North
C0223,Individual,South
C0224,Business,South
C0225,Individual,East
C0226,Individual,East
C0227,Business,East
C0228,Business,Central
C0229,Individual,Central
C0230,Business,South
C0231,Individual,West
C0232,Individual,East
C0233,Individual,East
C0234,Individual,North
C0235,Business,North
C0236,Individual,South
C0237,Individual,Central
C0238,Business,Central
C0239,Business,West
C0240,Individual,Central
C0241,Individual,Central
C0242,Individual,Central
C0243,Business,West
C0244,Individual,South
C0245,Enterprise,East
C0246,Individual,West
C0247,Individual,North
C0248,Individual,South
C0249,Individual,Central
C0250,Individual,Central
C0251,Business,East
C0252,Individual,East
C0253,Individual,North
C0254,Business,North
C0255,Individual,South
C0256,Business,Central
C0257,Individual,Central
C0258,Individual,Central
C0259,Individual,North
C0260,Individual,East
C0261,Business,North
C0262,Individual,Central
C0263,Individual,South
C0264,Individual,West
C0265,Individual,Central
C0266,Business,Central
C0267,Individual,North
C0268,Individual,East
C0269,Enterprise,South
C0270,Individual,East
C0271,Business,West
C0272,Individual,East
C0273,Individual,South
C0274,Individual,South
C0275,Business,Central
C0276,Enterprise,West
C0277,Individual,North
C0278,Individual,Central
C0279,Individual,East
C0280,Individual,North
C0281,Individual,South
C0282,Enterprise,South
C0283,Individual,South
C0284,Individual,East
C0285,Individual,North
C0286,Individual,South
C0287,Individual,South
C0288,Individual,East
C0289,Business,East
C0290,Individual,North
C0291,Individual,East
C0292,Individual,Central
C0293,Business,West
C0294,Business,North
C0295,Individual,East
C0296,Business,Central
C0297,Individual,Central
C0298,Individual,South
C0299,Individual,West
C0300,Individual,South
C0301,Individual,West
C0302,Business,South
C0303,Business,South
C0304,Individual,Central
C0305,Individual,East
C0306,Individual,Central
C0307,Individual,West
C0308,Individual,West
C0309,Individual,West
C0310,Individual,South
C0311,Business,East
C0312,Individual,East
C0313,Individual,Central
C0314,Business,South
C0315,Individual,Central
C0316,Individual,South
C0317,Individual,Central
C0318,Individual,Central
C0319,Business,North
C0320,Individual,South
C0321,Individual,South
C0322,Business,Central
C0323,Business,South
C0324,Business,Central
C0325,Individual,South
C0326,Individual,East
C0327,Enterprise,South
C0328,Business,East
C0329,Individual,North
C0330,Individual,East
C0331,Individual,South
C0332,Business,South
C0333,Individual,East
C0334,Individual,Central
C0335,Individual,East
C0336,Individual,South
C0337,Business,North
C0338,Individual,Central
C0339,Business,Central
C0340,Enterprise,West
C0341,Individual,East
C0342,Individual,Central
C0343,Individual,North
C0344,Business,South
C0345,Individual,East
C0346,Individual,Central
C0347,Business,Central
C0348,Individual,West
C0349,Business,Central
C0350,Individual,Central
C0351,Individual,West
C0352,Individual,South
C0353,Business,North
C0354,Individual,Central
C0355,Business,Central
C0356,Business,Central
C0357,Individual,West
C0358,Enterprise,North
C0359,Individual,East
C0360,Individual,West
C0361,Individual,North
C0362,Business,Central
C0363,Individual,South
C0364,Individual,West
C0365,Individual,East
C0366,Individual,Central
C0367,Individual,East
C0368,Business,South
C0369,Business,West
C0370,Individual,Central
C0371,Enterprise,South
C0372,Individual,West
C0373,Enterprise,North
C0374,Individual,South
C0375,Individual,Central
C0376,Individual,North
C0377,Business,North
C0378,Individual,West
C0379,Individual,North
C0380,Individual,South
C0381,Individual,East
C0382,Individual,Central
C0383,Business,South
C0384,Business,East
C0385,Individual,West
C0386,Business,South
C0387,Individual,East
C0388,Business,Central
C0389,Business,West
C0390,Individual,Central
C0391,Business,East
C0392,Individual,North
C0393,Individual,West
C0394,Business,East
C0395,Individual,East
C0396,Individual,Central
C0397,Individual,South
C0398,Business,South
C0399,Individual,East
C0400,Individual,Central
C0401,Business,West
C0402,Business,West
C0403,Individual,North
C0404,Individual,East
C0405,Individual,South
C0406,Individual,South
C0407,Individual,North
C0408,Business,South
C0409,Individual,East
C0410,Individual,North
C0411,Individual,South
C0412,Business,East
C0413,Individual,East
C0414,Enterprise,Central
C0415,Individual,West
C0416,Individual,South
C0417,Individual,North
C0418,Individual,Central
C0419,Individual,South
C0420,Individual,West
C0421,Individual,North
C0422,Business,East
C0423,Individual,Central
C0424,Business,South
C0425,Individual,West
C0426,Individual,East
C0427,Individual,Central
C0428,Individual,South
C0429,Individual,Central
C0430,Individual,North
C0431,Individual,East
C0432,Individual,East
C0433,Individual,Central
C0434,Business,West
C0435,Business,South
C0436,Business,North
C0437,Business,South
C0438,Individual,South
C0439,Individual,South
C0440,Business,South
C0441,Individual,South
C0442,Individual,Central
C0443,Individual,East
C0444,Individual,South
C0445,Individual,Central
C0446,Business,East
C0447,Individual,West
C0448,Individual,West
C0449,Enterprise,North
C0450,Individual,Central
C0451,Individual,South
C0452,Individual,Central
C0453,Business,West
C0454,Business,Central
C0455,Individual,North
C0456,Business,North
C0457,Individual,North
C0458,Business,East
C0459,Business,South
C0460,Business,Central
C0461,Individual,North
C0462,Enterprise,South
C0463,Business,Central
C0464,Individual,South
C0465,Business,South
C0466,Individual,East
C0467,Business,West
C0468,Individual,West
C0469,Business,West
C0470,Individual,Central
C0471,Individual,Central
C0472,Individual,North
C0473,Individual,West
C0474,Individual,West
C0475,Individual,West
C0476,Individual,Central
C0477,Individual,West
C0478,Individual,North
C0479,Business,Central
C0480,Individual,South
C0481,Business,Central
C0482,Business,South
C0483,Individual,North
C0484,Individual,South
C0485,Business,South
C0486,Individual,West
C0487,Individual,East
C0488,Individual,South
C0489,Business,East
C0490,Individual,West
C0491,Individual,Central
C0492,Enterprise,South
C0493,Business,North
C0494,Individual,Central
C0495,Individual,East
C0496,Business,West
C0497,Individual,Central
C0498,Individual,East
C0499,Individual,West
C0500,Business,West
C0501,Individual,North
C0502,Business,West
C0503,Business,North
C0504,Individual,South
C0505,Individual,Central
C0506,Individual,Central
C0507,Individual,East
C0508,Individual,South
C0509,Business,North
C0510,Individual,Central
C0511,Business,East
C0512,Individual,Central
C0513,Individual,East
C0514,Individual,Central
C0515,Individual,Central
C0516,Business,North
C0517,Individual,South
C0518,Individual,North
C0519,Individual,North
C0520,Individual,West
C0521,Individual,East
C0522,Individual,Central
C0523,Enterprise,South
C0524,Individual,West
C0525,Business,North
C0526,Individual,Central
C0527,Individual,East
C0528,Individual,South
C0529,Individual,South
C0530,Individual,Central
C0531,Individual,Central
C0532,Individual,South
C0533,Individual,Central
C0534,Individual,South
C0535,Enterprise,South
C0536,Individual,North
C0537,Individual,West
C0538,Individual,East
C0539,Individual,East
C0540,Individual,Central
C0541,Individual,Central
C0542,Individual,South
C0543,Individual,Central
C0544,Individual,West
C0545,Individual,Central
C0546,Individual,South
C0547,Individual,North
C0548,Individual,East
C0549,Business,Central
C0550,Individual,South
C0551,Individual,North
C0552,Individual,West
C0553,Business,Central
C0554,Individual,West
C0555,Individual,East
C0556,Individual,North
C0557,Individual,East
C0558,Individual,Central
C0559,Individual,West
C0560,Business,South
C0561,Individual,North
C0562,Business,North
C0563,Enterprise,Central
C0564,Individual,West
C0565,Individual,Central
C0566,Individual,East
C0567,Individual,South
C0568,Individual,West
C0569,Business,Central
C0570,Business,South
C0571,Individual,South
C0572,Individual,East
C0573,Business,Central
C0574,Enterprise,Central
C0575,Business,Central
C0576,Individual,East
C0577,Individual,Central
C0578,Individual,South
C0579,Individual,Central
C0580,Individual,West
C0581,Individual,West
C0582,Individual,South
C0583,Individual,North
C0584,Individual,Central
C0585,Individual,Central
C0586,Individual,North
C0587,Individual,East
C0588,Individual,South
C0589,Business,West
C0590,Individual,North
C0591,Individual,East
C0592,Individual,South
C0593,Business,South
C0594,Individual,North
C0595,Individual,South
C0596,Individual,South
C0597,Individual,East
C0598,Individual,West
C0599,Individual,North
C0600,Business,Central
C0601,Individual,South
C0602,Business,South
C0603,Business,Central
C0604,Individual,East
C0605,Business,West
C0606,Individual,West
C0607,Individual,Central
C0608,Individual,West
C0609,Individual,East
C0610,Individual,South
C0611,Individual,South
C0612,Individual,East
C0613,Individual,South
C0614,Individual,North
C0615,Individual,South
C0616,Individual,South
C0617,Individual,Central
C0618,Business,West
C0619,Individual,East
C0620,Business,East
C0621,Individual,Central
C0622,Individual,South
C0623,Individual,Central
C0624,Individual,Central
C0625,Individual,South
C0626,Business,North
C0627,Individual,South
C0628,Business,Central
C0629,Business,South
C0630,Business,Central
C0631,Business,West
C0632,Individual,South
C0633,Individual,East
C0634,Individual,North
C0635,Individual,Central
C0636,Individual,West
C0637,Business,North
C0638,Individual,North
C0639,Individual,East
C0640,Individual,Central
C0641,Individual,East
C0642,Individual,South
C0643,Business,North
C0644,Individual,Central
C0645,Individual,Central
C0646,Individual,West
C0647,Individual,East
C0648,Individual,Central
C0649,Individual,Central
C0650,Individual,East
C0651,Individual,South
C0652,Individual,North
C0653,Individual,North
C0654,Individual,Central
C0655,Individual,East
C0656,Individual,West
C0657,Enterprise,Central
C0658,Individual,South
C0659,Individual,North
C0660,Individual,South
C0661,Individual,North
C0662,Individual,East
C0663,Individual,South
C0664,Enterprise,South
C0665,Individual,North
C0666,Individual,Central
C0667,Individual,Central
C0668,Individual,East
C0669,Individual,Central
C0670,Individual,East
C0671,Business,North
C0672,Individual,North
C0673,Individual,South
C0674,Business,North
C0675,Individual,Central
C0676,Enterprise,North
C0677,Individual,East
C0678,Business,East
C0679,Individual,North
C0680,Business,South
C0681,Enterprise,Central
C0682,Individual,Central
C0683,Enterprise,Central
C0684,Individual,West
C0685,Individual,Central
C0686,Individual,Central
C0687,Individual,North
C0688,Individual,Central
C0689,Individual,East
C0690,Individual,Central
C0691,Business,Central
C0692,Business,East
C0693,Individual,North
C0694,Individual,East
C0695,Individual,South
C0696,Individual,North
C0697,Individual,East
C0698,Individual,Central
C0699,Individual,South
C0700,Enterprise,South
C0701,Individual,North
C0702,Individual,South
C0703,Individual,West
C0704,Individual,West
C0705,Individual,South
C0706,Individual,North
C0707,Individual,Central
C0708,Individual,North
C0709,Enterprise,South
C0710,Business,North
C0711,Individual,West
C0712,Individual,North
C0713,Individual,North
C0714,Individual,North
C0715,Individual,East
C0716,Individual,East
C0717,Individual,South
C0718,Individual,North
C0719,Individual,East
C0720,Enterprise,Central
C0721,Business,West
C0722,Business,South
C0723,Individual,North
C0724,Business,South
C0725,Individual,East
C0726,Business,Central
C0727,Individual,West
C0728,Business,South
C0729,Individual,North
C0730,Business,Central
C0731,Business,South
C0732,Individual,South
C0733,Individual,North
C0734,Enterprise,East
C0735,Individual,North
C0736,Business,West
C0737,Individual,South
C0738,Individual,East
C0739,Individual,Central
C0740,Individual,North
C0741,Business,North
C0742,Individual,South
C0743,Individual,West
C0744,Individual,Central
C0745,Individual,Central
C0746,Business,West
C0747,Enterprise,Central
C0748,Individual,East
C0749,Business,South
C0750,Business,East
C0751,Individual,Central
C0752,Enterprise,Central
C0753,Individual,South
C0754,Individual,West
C0755,Business,North
C0756,Individual,North
C0757,Business,South
C0758,Business,West
C0759,Individual,East
C0760,Business,West
C0761,Individual,Central
C0762,Individual,Central
C0763,Individual,South
C0764,Business,East
C0765,Individual,North
C0766,Individual,Central
C0767,Individual,East
C0768,Business,Central
C0769,Individual,North
C0770,Individual,South
C0771,Individual,South
C0772,Individual,East
C0773,Business,North
C0774,Individual,South
C0775,Individual,South
C0776,Enterprise,South
C0777,Individual,East
C0778,Enterprise,North
C0779,Individual,Central
C0780,Business,Central
C0781,Individual,Central
C0782,Individual,South
C0783,Business,East
C0784,Business,East
C0785,Business,East
C0786,Individual,North
C0787,Business,North
C0788,Business,North
C0789,Individual,Central
C0790,Business,Central
C0791,Business,South
C0792,Individual,West
C0793,Individual,Central
C0794,Individual,Central
C0795,Individual,East
C0796,Individual,North
C0797,Individual,East
C0798,Individual,East
C0799,Individual,West
C0800,Individual,North
C0801,Business,East
C0802,Business,South
C0803,Individual,East
C0804,Enterprise,South
C0805,Individual,Central
C0806,Individual,South
C0807,Individual,South
C0808,Individual,East
C0809,Business,East
C0810,Business,East
C0811,Individual,Central
C0812,Individual,East
C0813,Individual,South
C0814,Individual,West
C0815,Individual,West
C0816,Individual,Central
C0817,Business,East
C0818,Business,Central
C0819,Individual,North
C0820,Business,South
C0821,Individual,Central
C0822,Individual,East
C0823,Individual,Central
C0824,Individual,Central
C0825,Enterprise,South
C0826,Individual,East
C0827,Individual,West
C0828,Individual,East
C0829,Individual,East
C0830,Business,North
C0831,Individual,Central
C0832,Individual,Central
C0833,Individual,South
C0834,Individual,East
C0835,Individual,North
C0836,Individual,East
C0837,Individual,South
C0838,Business,Central
C0839,Business,Central
C0840,Business,East
C0841,Individual,East
C0842,Individual,West
C0843,Individual,Central
C0844,Business,West
C0845,Individual,Central
C0846,Individual,Central
C0847,Individual,West
C0848,Individual,North
C0849,Individual,East
C0850,Individual,Central
C0851,Business,South
C0852,Individual,West
C0853,Individual,North
C0854,Individual,East
C0855,Individual,Central
C0856,Individual,South
C0857,Business,North
C0858,Individual,Central
C0859,Business,North
C0860,Individual,Central
C0861,Individual,West
C0862,Business,North
C0863,Individual,Central
C0864,Individual,South
C0865,Individual,North
C0866,Individual,East
C0867,Business,West
C0868,Individual,South
C0869,Business,West
C0870,Business,South
C0871,Individual,Central
C0872,Business,East
C0873,Individual,South
C0874,Enterprise,East
C0875,Individual,West
C0876,Individual,South
C0877,Individual,West
C0878,Individual,East
C0879,Individual,South
C0880,Business,South
C0881,Individual,North
C0882,Individual,West
C0883,Business,East
C0884,Individual,Central
C0885,Enterprise,North
C0886,Business,South
C0887,Enterprise,Central
C0888,Business,Central
C0889,Individual,South
C0890,Individual,North
C0891,Business,South
C0892,Individual,North
C0893,Individual,Central
C0894,Individual,East
C0895,Enterprise,South
C0896,Individual,Central
C0897,Individual,North
C0898,Individual,South
C0899,Individual,Central
C0900,Individual,Central
C0901,Individual,Central
C0902,Individual,East
C0903,Business,East
C0904,Individual,East
C0905,Business,East
C0906,Business,East
C0907,Individual,South
C0908,Individual,East
C0909,Individual,Central
C0910,Business,South
C0911,Individual,East
C0912,Individual,South
C0913,Individual,North
C0914,Individual,North
C0915,Individual,East
C0916,Individual,East
C0917,Business,West
C0918,Individual,North
C0919,Individual,East
C0920,Individual,South
C0921,Business,West
C0922,Individual,South
C0923,Business,South
C0924,Individual,South
C0925,Individual,East
C0926,Individual,West
C0927,Individual,Central
C0928,Individual,Central
C0929,Individual,West
C0930,Business,South
C0931,Individual,South
C0932,Individual,South
C0933,Individual,Central
C0934,Individual,East
C0935,Individual,East
C0936,Individual,North
C0937,Individual,North
C0938,Individual,East
C0939,Individual,Central
C0940,Individual,West
C0941,Individual,North
C0942,Individual,South
C0943,Enterprise,West
C0944,Individual,East
C0945,Individual,North
C0946,Individual,East
C0947,Business,North
C0948,Business,North
C0949,Individual,West
C0950,Enterprise,East
C0951,Individual,East
C0952,Individual,North
C0953,Business,Central
C0954,Business,Central
C0955,Individual,South
C0956,Individual,East
C0957,Individual,South
C0958,Individual,East
C0959,Business,Central
C0960,Individual,North
C0961,Individual,Central
C0962,Individual,South
C0963,Individual,Central
C0964,Individual,West
C0965,Individual,Central
C0966,Enterprise,West
C0967,Business,North
C0968,Individual,West
C0969,Business,South
C0970,Business,West
C0971,Business,Central
C0972,Individual,East
C0973,Individual,West
C0974,Individual,Central
C0975,Individual,Central
C0976,Individual,North
C0977,Individual,West
C0978,Individual,South
C0979,Business,South
C0980,Individual,Central
C0981,Individual,Central
C0982,Enterprise,East
C0983,Business,Central
C0984,Business,East
C0985,Enterprise,West
C0986,Individual,Central
C0987,Enterprise,East
C0988,Individual,Central
C0989,Individual,South
C0990,Individual,Central
C0991,Individual,East
C0992,Individual,North
C0993,Individual,South
C0994,Business,South
C0995,Individual,Central
C0996,Individual,East
C0997,Business,North
C0998,Individual,East
C0999,Individual,Central
C1000,Individual,East
C1001,Individual,Central
C1002,Individual,North
C1003,Business,Central
C1004,Individual,East
C1005,Individual,North
C1006,Business,West
C1007,Business,West
C1008,Individual,Central
C1009,Individual,South
C1010,Individual,Central
C1011,Individual,North
C1012,Individual,East
C1013,Individual,East
C1014,Enterprise,South
C1015,Individual,North
C1016,Individual,North
C1017,Individual,Central
C1018,Individual,East
C1019,Individual,South
C1020,Individual,East
C1021,Business,Central
C1022,Individual,North
C1023,Individual,North
C1024,Individual,Central
C1025,Individual,North
C1026,Individual,East
C1027,Individual,West
C1028,Individual,South
C1029,Individual,South
C1030,Business,Central
C1031,Enterprise,West
C1032,Business,Central
C1033,Business,West
C1034,Individual,South
C1035,Enterprise,North
C1036,Individual,West
C1037,Enterprise,Central
C1038,Enterprise,South
C1039,Business,South
C1040,Enterprise,Central
C1041,Individual,North
C1042,Individual,East
C1043,Individual,East
C1044,Individual,Central
C1045,Individual,West
C1046,Individual,Central
C1047,Enterprise,Central
C1048,Individual,North
C1049,Business,Central
C1050,Business,Central
C1051,Business,West
C1052,Enterprise,North
C1053,Individual,Central
C1054,Enterprise,Central
C1055,Business,East
C1056,Individual,West
C1057,Individual,North
C1058,Business,Central
C1059,Individual,Central
C1060,Individual,Central
C1061,Individual,Central
C1062,Individual,South
C1063,Individual,Central
C1064,Business,South
C1065,Individual,North
C1066,Individual,West
C1067,Individual,West
C1068,Individual,South
C1069,Business,North
C1070,Individual,North
C1071,Individual,North
C1072,Individual,East
C1073,Individual,South
C1074,Business,West
C1075,Business,West
C1076,Individual,North
C1077,Individual,South
C1078,Individual,Central
C1079,Individual,Central
C1080,Individual,North
C1081,Individual,Central
C1082,Individual,West
C1083,Individual,Central
C1084,Business,South
C1085,Enterprise,South
C1086,Individual,East
C1087,Business,North
C1088,Individual,West
C1089,Individual,South
C1090,Business,South
C1091,Business,Central
C1092,Enterprise,South
C1093,Individual,East
C1094,Individual,South
C1095,Business,East
C1096,Individual,South
C1097,Individual,Central
C1098,Individual,Central
C1099,Individual,North
C1100,Individual,East
C1101,Individual,East
C1102,Business,North
C1103,Individual,South
C1104,Individual,North
C1105,Individual,North
C1106,Individual,Central
C1107,Individual,Central
C1108,Individual,Central
C1109,Business,Central
C1110,Individual,Central
C1111,Enterprise,Central
C1112,Individual,South
C1113,Individual,North
C1114,Individual,West
C1115,Individual,Central
C1116,Business,North
C1117,Individual,North
C1118,Individual,Central
C1119,Business,East
C1120,Business,Central
C1121,Business,West
C1122,Individual,West
C1123,Business,South
C1124,Individual,South
C1125,Individual,East
C1126,Individual,North
C1127,Individual,East
C1128,Individual,Central
C1129,Individual,Central
C1130,Business,South
C1131,Individual,South
C1132,Individual,West
C1133,Individual,Central
C1134,Business,East
C1135,Individual,Central
C1136,Individual,North
C1137,Business,North
C1138,Business,North
C1139,Individual,Central
C1140,Individual,South
C1141,Business,East
C1142,Individual,South
C1143,Individual,South
C1144,Business,East
C1145,Individual,East
C1146,Individual,South
C1147,Individual,North
C1148,Individual,West
C1149,Individual,South
C1150,Business,Central
C1151,Individual,North
C1152,Individual,East
C1153,Individual,Central
C1154,Individual,West
C1155,Enterprise,Central
C1156,Individual,East
C1157,Individual,North
C1158,Individual,South
C1159,Individual,West
C1160,Individual,North
C1161,Business,South
C1162,Enterprise,Central
C1163,Individual,Central
C1164,Individual,Central
C1165,Business,East
C1166,Business,Central
C1167,Individual,Central
C1168,Individual,North
C1169,Individual,East
C1170,Business,East
C1171,Business,Central
C1172,Individual,Central
C1173,Individual,West
C1174,Business,North
C1175,Business,West
C1176,Enterprise,West
C1177,Business,East
C1178,Individual,Central
C1179,Individual,East
C1180,Individual,East
C1181,Individual,South
C1182,Individual,North
C1183,Business,North
C1184,Individual,Central
C1185,Business,South
C1186,Individual,South
C1187,Enterprise,North
C1188,Individual,South
C1189,Individual,North
C1190,Individual,East
C1191,Individual,West
C1192,Business,Central
C1193,Business,North
C1194,Individual,Central
C1195,Individual,South
C1196,Individual,East
C1197,Individual,West
C1198,Business,North
C1199,Business,West
C1200,Individual,Central
C1201,Business,South
C1202,Individual,Central
C1203,Business,West
C1204,Individual,South
C1205,Business,East
C1206,Business,East
C1207,Individual,Central
C1208,Business,Central
C1209,Individual,West
C1210,Individual,North
C1211,Individual,Central
C1212,Enterprise,South
C1213,Business,South
C1214,Business,Central
C1215,Business,North
C1216,Individual,Central
C1217,Business,North
C1218,Individual,West
C1219,Individual,West
C1220,Individual,East
C1221,Business,Central
C1222,Business,West
C1223,Individual,South
C1224,Individual,Central
C1225,Business,West
C1226,Individual,East
C1227,Business,East
C1228,Enterprise,East
C1229,Individual,Central
C1230,Individual,Central
C1231,Business,East
C1232,Business,Central
C1233,Individual,South
C1234,Enterprise,East
C1235,Individual,East
C1236,Individual,South
C1237,Business,East
C1238,Business,East
C1239,Individual,East
C1240,Business,Central
C1241,Individual,North
C1242,Individual,North
C1243,Individual,Central
C1244,Business,North
C1245,Individual,Central
C1246,Individual,South
C1247,Individual,West
C1248,Business,Central
C1249,Individual,East
C1250,Business,East
C1251,Individual,Central
C1252,Individual,West
C1253,Individual,South
C1254,Business,North
C1255,Business,East
C1256,Individual,North
C1257,Individual,East
C1258,Individual,Central
C1259,Individual,East
C1260,Individual,South
C1261,Individual,East
C1262,Individual,Central
C1263,Individual,East
C1264,Individual,East
C1265,Business,South
C1266,Individual,South
C1267,Individual,South
C1268,Business,West
C1269,Individual,South
C1270,Individual,East
C1271,Individual,East
C1272,Individual,North
C1273,Individual,Central
C1274,Individual,North
C1275,Business,East
C1276,Individual,Central
C1277,Individual,South
C1278,Individual,East
C1279,Individual,North
C1280,Individual,East
C1281,Business,Central
C1282,Individual,Central
C1283,Individual,East
C1284,Individual,Central
C1285,Individual,North
C1286,Enterprise,West
C1287,Individual,North
C1288,Individual,West
C1289,Individual,West
C1290,Enterprise,North
C1291,Individual,Central
C1292,Individual,East
C1293,Business,South
C1294,Business,Central
C1295,Individual,East
C1296,Individual,Central
C1297,Individual,West
C1298,Individual,Central
C1299,Individual,Central
C1300,Individual,Central
C1301,Individual,West
C1302,Individual,East
C1303,Individual,East
C1304,Enterprise,North
C1305,Individual,North
C1306,Individual,Central
C1307,Individual,South
C1308,Enterprise,South
C1309,Individual,East
C1310,Individual,North
C1311,Individual,West
C1312,Individual,Central
C1313,Individual,West
C1314,Individual,Central
C1315,Individual,South
C1316,Enterprise,North
C1317,Individual,South
C1318,Individual,South
C1319,Business,South
C1320,Individual,North
C1321,Individual,East
C1322,Individual,East
C1323,Individual,East
C1324,Business,Central
C1325,Business,South
C1326,Individual,South
C1327,Individual,North
C1328,Business,South
C1329,Business,North
C1330,Business,Central
C1331,Individual,Central
C1332,Individual,Central
C1333,Business,East
C1334,Individual,East
C1335,Individual,West
C1336,Individual,East
C1337,Individual,Central
C1338,Individual,West
C1339,Individual,West
C1340,Enterprise,South
C1341,Individual,South
C1342,Business,West
C1343,Individual,South
C1344,Individual,West
C1345,Enterprise,Central
C1346,Individual,Central
C1347,Individual,South
C1348,Individual,South
C1349,Individual,East
C1350,Business,West
C1351,Business,North
C1352,Individual,Central
C1353,Individual,East
C1354,Individual,South
C1355,Business,Central
C1356,Individual,South
C1357,Individual,East
C1358,Individual,East
C1359,Individual,South
C1360,Individual,North
C1361,Business,West
C1362,Individual,East
C1363,Individual,North
C1364,Business,North
C1365,Business,East
C1366,Individual,Central
C1367,Individual,Central
C1368,Individual,South
C1369,Individual,North
C1370,Individual,South
C1371,Individual,Central
C1372,Individual,East
C1373,Business,North
C1374,Individual,Central
C1375,Individual,Central
C1376,Individual,West
C1377,Enterprise,West
C1378,Business,Central
C1379,Business,East
C1380,Business,South
C1381,Business,West
C1382,Individual,North
C1383,Individual,East
C1384,Individual,Central
C1385,Business,North
C1386,Business,West
C1387,Individual,South
C1388,Individual,North
C1389,Individual,Central
C1390,Business,East
C1391,Individual,East
C1392,Individual,North
C1393,Individual,West
C1394,Individual,Central
C1395,Business,North
C1396,Individual,West
C1397,Business,North
C1398,Individual,North
C1399,Individual,South
C1400,Individual,East
C1401,Business,Central
C1402,Individual,West
C1403,Individual,East
C1404,Individual,Central
C1405,Business,East
C1406,Individual,North
C1407,Business,North
C1408,Individual,East
C1409,Individual,West
C1410,Individual,Central
C1411,Individual,North
C1412,Individual,South
C1413,Individual,North
C1414,Individual,North
C1415,Business,Central
C1416,Individual,East
C1417,Business,South
C1418,Individual,Central
C1419,Individual,East
C1420,Individual,East
C1421,Individual,South
C1422,Individual,North
C1423,Individual,East
C1424,Individual,North
C1425,Individual,Central
C1426,Business,East
C1427,Business,Central
C1428,Individual,Central
C1429,Individual,Central
C1430,Individual,Central
C1431,Individual,Central
C1432,Individual,West
C1433,Individual,North
C1434,Individual,Central
C1435,Individual,Central
C1436,Individual,West
C1437,Business,South
C1438,Business,North
C1439,Individual,West
C1440,Business,North
C1441,Enterprise,North
C1442,Individual,Central
C1443,Individual,North
C1444,Individual,North
C1445,Business,East
C1446,Business,North
C1447,Individual,South
C1448,Individual,Central
C1449,Individual,Central
C1450,Individual,North
C1451,Individual,West
C1452,Business,North
C1453,Individual,East
C1454,Business,North
C1455,Business,Central
C1456,Business,Central
C1457,Individual,North
C1458,Individual,Central
C1459,Individual,Central
C1460,Individual,East
C1461,Individual,Central
C1462,Individual,South
C1463,Individual,North
C1464,Individual,South
C1465,Individual,South
C1466,Individual,North
C1467,Business,North
C1468,Business,East
C1469,Individual,West
C1470,Individual,Central
C1471,Individual,Central
C1472,Individual,West
C1473,Individual,North
C1474,Business,South
C1475,Individual,North
C1476,Individual,Central
C1477,Individual,South
C1478,Individual,South
C1479,Individual,Central
C1480,Individual,South
C1481,Individual,East
C1482,Individual,South
C1483,Individual,Central
C1484,Individual,South
C1485,Individual,East
C1486,Enterprise,East
C1487,Individual,South
C1488,Individual,Central
C1489,Individual,East
C1490,Individual,East
C1491,Individual,Central
C1492,Individual,North
C1493,Business,North
C1494,Individual,East
C1495,Individual,Central
C1496,Individual,South
C1497,Business,West
C1498,Individual,East
C1499,Individual,West
C1500,Individual,West
C1501,Individual,Central
C1502,Individual,South
C1503,Individual,North
C1504,Individual,West
C1505,Individual,North
C1506,Individual,West
C1507,Individual,South
C1508,Business,East
C1509,Individual,Central
C1510,Individual,Central
C1511,Individual,East
C1512,Individual,Central
C1513,Business,East
C1514,Individual,Central
C1515,Individual,East
C1516,Individual,North
C1517,Individual,South
C1518,Individual,East
C1519,Individual,North
C1520,Individual,Central
C1521,Business,Central
C1522,Individual,South
C1523,Business,South
C1524,Business,East
C1525,Business,South
C1526,Individual,North
C1527,Individual,North
C1528,Business,Central
C1529,Individual,North
C1530,Individual,West
C1531,Business,West
C1532,Business,North
C1533,Individual,South
C1534,Individual,East
C1535,Individual,South
C1536,Business,Central
C1537,Business,Central
C1538,Individual,South
C1539,Individual,West
C1540,Business,East
C1541,Individual,Central
C1542,Individual,Central
C1543,Enterprise,East
C1544,Individual,East
C1545,Individual,South
C1546,Individual,East
C1547,Individual,Central
C1548,Business,East
C1549,Individual,East
C1550,Enterprise,North
C1551,Individual,East
C1552,Individual,Central
C1553,Individual,Central
C1554,Individual,Central
C1555,Individual,Central
C1556,Individual,North
C1557,Individual,North
C1558,Individual,South
C1559,Business,South
C1560,Individual,North
C1561,Business,Central
C1562,Individual,South
C1563,Individual,North
C1564,Individual,North
C1565,Individual,West
C1566,Individual,East
C1567,Business,West
C1568,Business,South
C1569,Individual,Central
C1570,Individual,East
C1571,Business,Central
C1572,Individual,South
C1573,Business,Central
C1574,Business,East
C1575,Business,Central
C1576,Individual,West
C1577,Individual,West
C1578,Individual,South
C1579,Individual,East
C1580,Business,South
C1581,Individual,East
C1582,Individual,South
C1583,Business,East
C1584,Business,South
C1585,Business,West
C1586,Business,South
C1587,Individual,South
C1588,Individual,East
C1589,Business,East
C1590,Individual,South
C1591,Individual,Central
C1592,Individual,South
C1593,Individual,West
C1594,Business,East
C1595,Individual,East
C1596,Individual,Central
C1597,Individual,South
C1598,Individual,East
C1599,Individual,East
C1600,Individual,Central
C1601,Business,West
C1602,Individual,South
C1603,Individual,Central
C1604,Individual,North
C1605,Individual,North
C1606,Individual,South
C1607,Business,Central
C1608,Individual,Central
C1609,Business,East
C1610,Individual,Central
C1611,Individual,Central
C1612,Individual,South
C1613,Business,South
C1614,Individual,East
C1615,Individual,South
C1616,Individual,East
C1617,Individual,South
C1618,Individual,Central
C1619,Individual,Central
C1620,Individual,South
C1621,Individual,North
C1622,Individual,East
C1623,Business,South
C1624,Business,North
C1625,Business,Central
C1626,Individual,Central
C1627,Individual,South
C1628,Individual,North
C1629,Individual,South
C1630,Individual,Central
C1631,Individual,East
C1632,Individual,West
C1633,Individual,North
C1634,Business,South
C1635,Individual,West
C1636,Individual,North
C1637,Individual,South
C1638,Individual,Central
C1639,Individual,South
C1640,Business,Central
C1641,Business,West
C1642,Individual,East
C1643,Business,East
C1644,Enterprise,East
C1645,Business,South
C1646,Business,South
C1647,Individual,West
C1648,Individual,West
C1649,Individual,South
C1650,Individual,West
C1651,Enterprise,South
C1652,Individual,South
C1653,Business,South
C1654,Business,Central
C1655,Business,Central
C1656,Enterprise,Central
C1657,Individual,South
C1658,Individual,North
C1659,Individual,South
C1660,Individual,West
C1661,Individual,North
C1662,Individual,South
C1663,Business,Central
C1664,Individual,Central
C1665,Individual,East
C1666,Individual,South
C1667,Individual,East
C1668,Individual,Central
C1669,Business,South
C1670,Individual,North
C1671,Business,Central
C1672,Individual,Central
C1673,Business,Central
C1674,Individual,North
C1675,Individual,Central
C1676,Individual,West
C1677,Business,North
C1678,Individual,Central
C1679,Individual,Central
C1680,Enterprise,South
C1681,Business,Central
C1682,Individual,West
C1683,Business,West
C1684,Individual,Central
C1685,Individual,South
C1686,Individual,Central
C1687,Business,East
C1688,Business,North
C1689,Individual,North
C1690,Individual,Central
C1691,Individual,East
C1692,Enterprise,North
C1693,Enterprise,Central
C1694,Individual,East
C1695,Business,South
C1696,Business,West
C1697,Individual,Central
C1698,Individual,East
C1699,Individual,East
C1700,Individual,Central
C1701,Individual,East
C1702,Individual,South
C1703,Business,West
C1704,Individual,Central
C1705,Individual,East
C1706,Individual,North
C1707,Individual,West
C1708,Individual,North
C1709,Individual,West
C1710,Individual,West
C1711,Individual,North
C1712,Individual,East
C1713,Individual,West
C1714,Business,North
C1715,Individual,South
C1716,Individual,South
C1717,Business,North
C1718,Individual,Central
C1719,Individual,Central
C1720,Business,North
C1721,Individual,South
C1722,Individual,Central
C1723,Business,West
C1724,Business,East
C1725,Enterprise,Central
C1726,Individual,East
C1727,Individual,East
C1728,Individual,West
C1729,Individual,Central
C1730,Individual,Central
C1731,Individual,West
C1732,Business,West
C1733,Individual,East
C1734,Individual,East
C1735,Individual,Central
C1736,Individual,South
C1737,Individual,Central
C1738,Individual,Central
C1739,Individual,East
C1740,Individual,Central
C1741,Business,South
C1742,Business,West
C1743,Individual,Central
C1744,Individual,West
C1745,Business,West
C1746,Business,South
C1747,Individual,Central
C1748,Business,North
C1749,Individual,North
C1750,Business,North
C1751,Enterprise,North
C1752,Individual,West
C1753,Business,Central
C1754,Individual,East
C1755,Enterprise,Central
C1756,Individual,South
C1757,Business,West
C1758,Individual,North
C1759,Individual,Central
C1760,Individual,East
C1761,Enterprise,East
C1762,Business,East
C1763,Business,North
C1764,Business,North
C1765,Individual,West
C1766,Individual,West
C1767,Individual,South
C1768,Individual,East
C1769,Individual,South
C1770,Individual,North
C1771,Individual,Central
C1772,Individual,North
C1773,Individual,South
C1774,Individual,Central
C1775,Enterprise,South
C1776,Business,East
C1777,Enterprise,East
C1778,Individual,East
C1779,Individual,West
C1780,Business,Central
C1781,Individual,South
C1782,Individual,East
C1783,Individual,South
C1784,Individual,North
C1785,Individual,Central
C1786,Individual,West
C1787,Individual,South
C1788,Individual,West
C1789,Individual,South
C1790,Business,East
C1791,Individual,East
C1792,Individual,East
C1793,Business,North
C1794,Individual,South
C1795,Individual,East
C1796,Individual,North
C1797,Individual,North
C1798,Individual,Central
C1799,Business,West
C1800,Individual,Central
C1801,Individual,East
C1802,Individual,North
C1803,Individual,North
C1804,Individual,East
C1805,Individual,Central
C1806,Individual,South
C1807,Individual,East
C1808,Individual,East
C1809,Individual,Central
C1810,Business,West
C1811,Individual,East
C1812,Individual,West
C1813,Individual,South
C1814,Business,South
C1815,Individual,West
C1816,Individual,West
C1817,Business,South
C1818,Business,North
C1819,Individual,North
C1820,Individual,North
C1821,Business,North
C1822,Enterprise,North
C1823,Business,West
C1824,Individual,Central
C1825,Individual,East
C1826,Individual,Central
C1827,Business,North
C1828,Individual,Central
C1829,Individual,North
C1830,Business,East
C1831,Individual,West
C1832,Business,Central
C1833,Individual,South
C1834,Individual,South
C1835,Individual,West
C1836,Business,East
C1837,Individual,South
C1838,Individual,East
C1839,Enterprise,East
C1840,Individual,Central
C1841,Individual,North
C1842,Individual,West
C1843,Individual,East
C1844,Individual,South
C1845,Individual,South
C1846,Individual,North
C1847,Individual,South
C1848,Individual,East
C1849,Individual,North
C1850,Individual,East
C1851,Individual,West
C1852,Individual,Central
C1853,Individual,South
C1854,Individual,North
C1855,Business,East
C1856,Individual,Central
C1857,Business,East
C1858,Enterprise,West
C1859,Individual,North
C1860,Individual,West
C1861,Individual,West
C1862,Business,Central
C1863,Individual,Central
C1864,Individual,West
C1865,Individual,West
C1866,Business,Central
C1867,Business,Central
C1868,Individual,Central
C1869,Individual,West
C1870,Individual,Central
C1871,Individual,South
C1872,Business,East
C1873,Individual,Central
C1874,Individual,South
C1875,Individual,North
C1876,Business,West
C1877,Business,North
C1878,Individual,East
C1879,Business,East
C1880,Individual,Central
C1881,Individual,Central
C1882,Individual,North
C1883,Individual,North
C1884,Individual,East
C1885,Business,East
C1886,Individual,South
C1887,Individual,South
C1888,Individual,South
C1889,Individual,East
C1890,Business,North
C1891,Individual,North
C1892,Individual,North
C1893,Business,South
C1894,Individual,South
C1895,Individual,South
C1896,Individual,Central
C1897,Individual,East
C1898,Enterprise,Central
C1899,Business,Central
C1900,Individual,North
C1901,Business,Central
C1902,Individual,South
C1903,Individual,North
C1904,Individual,South
C1905,Individual,South
C1906,Individual,Central
C1907,Individual,Central
C1908,Business,West
C1909,Individual,South
C1910,Individual,North
C1911,Individual,Central
C1912,Individual,South
C1913,Individual,South
C1914,Individual,South
C1915,Business,East
C1916,Individual,Central
C1917,Individual,North
C1918,Individual,East
C1919,Individual,West
C1920,Individual,Central
C1921,Business,South
C1922,Individual,Central
C1923,Individual,Central
C1924,Individual,North
C1925,Individual,Central
C1926,Individual,East
C1927,Business,South
C1928,Individual,Central
C1929,Business,Central
C1930,Individual,East
C1931,Business,Central
C1932,Individual,South
C1933,Individual,North
C1934,Individual,South
C1935,Business,North
C1936,Individual,Central
C1937,Individual,Central
C1938,Individual,Central
C1939,Business,North
C1940,Individual,East
C1941,Business,North
C1942,Individual,Central
C1943,Individual,South
C1944,Individual,South
C1945,Enterprise,West
C1946,Individual,South
C1947,Business,South
C1948,Individual,South
C1949,Individual,West
C1950,Individual,East
C1951,Individual,North
C1952,Business,Central
C1953,Business,North
C1954,Business,South
C1955,Business,East
C1956,Individual,South
C1957,Individual,Central
C1958,Enterprise,East
C1959,Individual,East
C1960,Business,North
C1961,Business,East
C1962,Individual,North
C1963,Enterprise,West
C1964,Individual,East
C1965,Individual,South
C1966,Individual,East
C1967,Individual,West
C1968,Individual,South
C1969,Individual,North
C1970,Business,East
C1971,Business,Central
C1972,Individual,North
C1973,Individual,West
C1974,Business,East
C1975,Individual,North
C1976,Individual,Central
C1977,Individual,North
C1978,Individual,North
C1979,Individual,Central
C1980,Enterprise,East
C1981,Individual,North
C1982,Individual,South
C1983,Individual,North
C1984,Individual,West
C1985,Individual,North
C1986,Business,Central
C1987,Business,Central
C1988,Individual,South
C1989,Business,South
C1990,Business,North
C1991,Business,South
C1992,Individual,Central
C1993,Individual,South
C1994,Individual,South
C1995,Individual,Central
C1996,Individual,Central
C1997,Individual,Central
C1998,Business,Central
C1999,Business,South
C2000,Business,Central
C2001,Individual,North
C2002,Individual,Central
C2003,Individual,West
C2004,Individual,West
C2005,Individual,Central
C2006,Individual,North
C2007,Individual,Central
C2008,Business,South
C2009,Individual,Central
C2010,Business,East
C2011,Individual,South
C2012,Individual,West
C2013,Individual,Central
C2014,Individual,East
C2015,Individual,East
C2016,Individual,Central
C2017,Individual,North
C2018,Individual,Central
C2019,Individual,North
C2020,Business,North
C2021,Individual,South
C2022,Business,North
C2023,Individual,West
C2024,Business,Central
C2025,Business,West
C2026,Individual,Central
C2027,Individual,East
C2028,Business,North
C2029,Individual,Central
C2030,Individual,West
C2031,Individual,North
C2032,Business,East
C2033,Business,South
C2034,Individual,South
C2035,Individual,South
C2036,Individual,East
C2037,Individual,Central
C2038,Enterprise,East
C2039,Individual,West
C2040,Individual,Central
C2041,Individual,Central
C2042,Business,East
C2043,Individual,South
C2044,Individual,North
C2045,Individual,Central
C2046,Individual,South
C2047,Individual,Central
C2048,Individual,South
C2049,Individual,East
C2050,Business,North
C2051,Business,South
C2052,Enterprise,West
C2053,Individual,East
C2054,Enterprise,East
C2055,Individual,North
C2056,Individual,East
C2057,Individual,Central
C2058,Individual,Central
C2059,Individual,Central
C2060,Individual,North
C2061,Individual,East
C2062,Individual,North
C2063,Individual,East
C2064,Individual,East
C2065,Individual,South
C2066,Business,North
C2067,Business,South
C2068,Individual,North
C2069,Individual,Central
C2070,Individual,West
C2071,Business,Central
C2072,Individual,Central
C2073,Individual,West
C2074,Individual,North
C2075,Individual,East
C2076,Individual,North
C2077,Business,North
C2078,Individual,North
C2079,Individual,North
C2080,Business,North
C2081,Business,East
C2082,Individual,South
C2083,Individual,West
C2084,Individual,Central
C2085,Business,South
C2086,Individual,South
C2087,Business,West
C2088,Individual,Central
C2089,Individual,South
C2090,Individual,West
C2091,Individual,Central
C2092,Individual,West
C2093,Individual,Central
C2094,Individual,East
C2095,Enterprise,West
C2096,Individual,East
C2097,Business,South
C2098,Individual,Central
C2099,Individual,West
C2100,Individual,South
C2101,Individual,Central
C2102,Business,East
C2103,Individual,South
C2104,Individual,Central
C2105,Individual,Central
C2106,Individual,Central
C2107,Individual,South
C2108,Business,South
C2109,Business,South
C2110,Individual,East
C2111,Individual,West
C2112,Individual,South
C2113,Individual,Central
C2114,Individual,East
C2115,Individual,North
C2116,Individual,South
C2117,Individual,East
C2118,Individual,North
C2119,Individual,West
C2120,Individual,Central
C2121,Individual,East
C2122,Business,Central
C2123,Individual,West
C2124,Individual,Central
C2125,Individual,Central
C2126,Business,North
C2127,Individual,North
C2128,Individual,Central
C2129,Individual,South
C2130,Business,South
C2131,Enterprise,Central
C2132,Individual,North
C2133,Business,East
C2134,Business,East
C2135,Business,East
C2136,Individual,East
C2137,Individual,North
C2138,Individual,Central
C2139,Business,North
C2140,Individual,East
C2141,Individual,West
C2142,Individual,South
C2143,Business,Central
C2144,Business,Central
C2145,Individual,North
C2146,Business,South
C2147,Individual,Central
C2148,Business,West
C2149,Individual,North
C2150,Individual,West
C2151,Business,East
C2152,Individual,East
C2153,Business,South
C2154,Individual,South
C2155,Individual,East
C2156,Individual,South
C2157,Individual,South
C2158,Individual,West
C2159,Individual,East
C2160,Individual,East
C2161,Individual,West
C2162,Enterprise,Central
C2163,Enterprise,Central
C2164,Individual,South
C2165,Business,South
C2166,Individual,East
C2167,Individual,South
C2168,Business,South
C2169,Business,South
C2170,Individual,Central
C2171,Business,South
C2172,Individual,East
C2173,Enterprise,Central
C2174,Individual,South
C2175,Individual,South
C2176,Individual,Central
C2177,Individual,Central
C2178,Individual,West
C2179,Business,North
C2180,Individual,Central
C2181,Individual,Central
C2182,Individual,East
C2183,Individual,South
C2184,Individual,East
C2185,Individual,Central
C2186,Individual,West
C2187,Individual,North
C2188,Individual,North
C2189,Business,South
C2190,Business,North
C2191,Individual,West
C2192,Individual,West
C2193,Individual,North
C2194,Individual,West
C2195,Individual,East
C2196,Individual,West
C2197,Individual,Central
C2198,Individual,South
C2199,Individual,North
C2200,Business,East
C2201,Enterprise,Central
C2202,Individual,South
C2203,Individual,North
C2204,Business,North
C2205,Business,East
C2206,Individual,West
C2207,Individual,South
C2208,Individual,West
C2209,Individual,North
C2210,Individual,South
C2211,Individual,South
C2212,Individual,Central
C2213,Individual,South
C2214,Business,East
C2215,Individual,South
C2216,Individual,East
C2217,Individual,South
C2218,Individual,Central
C2219,Enterprise,Central
C2220,Individual,South
C2221,Individual,North
C2222,Business,Central
C2223,Individual,North
C2224,Business,South
C2225,Individual,North
C2226,Individual,East
C2227,Individual,East
C2228,Individual,North
C2229,Business,East
C2230,Business,East
C2231,Individual,East
C2232,Individual,South
C2233,Business,Central
C2234,Business,East
C2235,Individual,North
C2236,Individual,West
C2237,Individual,East
C2238,Business,South
C2239,Individual,North
C2240,Individual,Central
C2241,Business,North
C2242,Individual,South
C2243,Individual,North
C2244,Individual,South
C2245,Individual,Central
C2246,Individual,West
C2247,Individual,Central
C2248,Individual,West
C2249,Individual,West
C2250,Business,South
C2251,Business,East
C2252,Individual,South
C2253,Individual,East
C2254,Individual,North
C2255,Individual,North
C2256,Individual,South
C2257,Individual,South
C2258,Individual,South
C2259,Individual,North
C2260,Individual,North
C2261,Individual,Central
C2262,Individual,Central
C2263,Individual,North
C2264,Individual,Central
C2265,Business,Central
C2266,Business,East
C2267,Individual,Central
C2268,Individual,East
C2269,Individual,North
C2270,Individual,West
C2271,Individual,South
C2272,Business,North
C2273,Individual,South
C2274,Business,North
C2275,Individual,South
C2276,Individual,Central
C2277,Business,West
C2278,Individual,North
C2279,Individual,North
C2280,Individual,East
C2281,Individual,North
C2282,Enterprise,East
C2283,Individual,South
C2284,Enterprise,East
C2285,Enterprise,Central
C2286,Business,East
C2287,Individual,East
C2288,Individual,Central
C2289,Business,Central
C2290,Individual,North
C2291,Individual,West
C2292,Individual,North
C2293,Individual,South
C2294,Individual,Central
C2295,Individual,North
C2296,Individual,South
C2297,Business,West
C2298,Individual,South
C2299,Business,East
C2300,Individual,South
C2301,Business,Central
C2302,Individual,North
C2303,Business,South
C2304,Individual,West
C2305,Business,West
C2306,Individual,Central
C2307,Business,Central
C2308,Enterprise,Central
C2309,Individual,West
C2310,Individual,West
C2311,Business,East
C2312,Individual,North
C2313,Business,South
C2314,Individual,South
C2315,Individual,North
C2316,Enterprise,South
C2317,Individual,Central
C2318,Business,Central
C2319,Individual,West
C2320,Individual,East
C2321,Individual,North
C2322,Individual,South
C2323,Individual,North
C2324,Individual,East
C2325,Individual,East
C2326,Individual,East
C2327,Business,East
C2328,Individual,Central
C2329,Individual,North
C2330,Individual,South
C2331,Individual,North
C2332,Business,East
C2333,Individual,North
C2334,Individual,Central
C2335,Individual,North
C2336,Individual,West
C2337,Business,Central
C2338,Individual,South
C2339,Business,South
C2340,Individual,Central
C2341,Individual,South
C2342,Business,East
C2343,Individual,South
C2344,Individual,West
C2345,Individual,North
C2346,Individual,Central
C2347,Individual,West
C2348,Individual,North
C2349,Individual,South
C2350,Individual,East
C2351,Individual,North
C2352,Individual,East
C2353,Individual,Central
C2354,Individual,North
C2355,Enterprise,Central
C2356,Individual,East
C2357,Business,Central
C2358,Individual,East
C2359,Individual,West
C2360,Individual,South
C2361,Individual,South
C2362,Individual,South
C2363,Individual,North
C2364,Individual,South
C2365,Business,South
C2366,Individual,West
C2367,Individual,West
C2368,Business,West
C2369,Individual,West
C2370,Individual,South
C2371,Individual,East
C2372,Business,West
C2373,Business,North
C2374,Individual,West
C2375,Individual,North
C2376,Business,South
C2377,Individual,East
C2378,Individual,West
C2379,Individual,Central
C2380,Individual,East
C2381,Individual,South
C2382,Individual,North
C2383,Individual,East
C2384,Individual,South
C2385,Business,East
C2386,Individual,North
C2387,Individual,South
C2388,Individual,South
C2389,Individual,North
C2390,Individual,Central
C2391,Individual,West
C2392,Business,South
C2393,Business,East
C2394,Individual,North
C2395,Individual,North
C2396,Individual,North
C2397,Business,North
C2398,Business,South
C2399,Individual,South
C2400,Individual,South
C2401,Business,Central
C2402,Individual,South
C2403,Individual,Central
C2404,Individual,Central
C2405,Individual,West
C2406,Business,South
C2407,Enterprise,East
C2408,Individual,North
C2409,Individual,West
C2410,Individual,East
C2411,Individual,East
C2412,Individual,North
C2413,Individual,West
C2414,Individual,East
C2415,Individual,West
C2416,Individual,Central
C2417,Individual,North
C2418,Individual,North
C2419,Individual,North
C2420,Enterprise,West
C2421,Individual,Central
C2422,Individual,Central
C2423,Business,North
C2424,Enterprise,Central
C2425,Individual,Central
C2426,Business,East
C2427,Individual,South
C2428,Individual,Central
C2429,Individual,North
C2430,Individual,North
C2431,Individual,Central
C2432,Individual,East
C2433,Individual,East
C2434,Individual,East
C2435,Individual,East
C2436,Individual,Central
C2437,Individual,West
C2438,Business,East
C2439,Business,West
C2440,Business,Central
C2441,Individual,West
C2442,Business,East
C2443,Individual,East
C2444,Individual,Central
C2445,Individual,East
C2446,Individual,West
C2447,Individual,East
C2448,Individual,South
C2449,Business,West
C2450,Individual,South
C2451,Individual,South
C2452,Enterprise,South
C2453,Individual,West
C2454,Individual,Central
C2455,Individual,South
C2456,Individual,East
C2457,Individual,East
C2458,Individual,South
C2459,Individual,West
C2460,Individual,West
C2461,Individual,Central
C2462,Individual,North
C2463,Individual,Central
C2464,Business,North
C2465,Individual,South
C2466,Individual,West
C2467,Individual,East
C2468,Individual,Central
C2469,Individual,Central
C2470,Individual,South
C2471,Business,South
C2472,Business,North
C2473,Individual,West
C2474,Business,West
C2475,Individual,North
C2476,Individual,West
C2477,Individual,North
C2478,Individual,East
C2479,Business,South
C2480,Individual,Central
C2481,Individual,West
C2482,Business,South
C2483,Individual,East
C2484,Individual,North
C2485,Individual,Central
C2486,Business,Central
C2487,Business,South
C2488,Individual,East
C2489,Individual,North
C2490,Individual,East
C2491,Business,East
C2492,Individual,East
C2493,Individual,South
C2494,Business,West
C2495,Individual,South
C2496,Individual,South
C2497,Individual,Central
C2498,Enterprise,North
C2499,Individual,Central
C2500,Individual,East
C2501,Individual,Central
C2502,Individual,North
C2503,Individual,East
C2504,Individual,North
C2505,Enterprise,Central
C2506,Individual,Central
C2507,Individual,East
C2508,Individual,Central
C2509,Individual,South
C2510,Business,South
C2511,Individual,East
C2512,Individual,East
C2513,Individual,East
C2514,Individual,Central
C2515,Individual,North
C2516,Individual,North
C2517,Business,Central
C2518,Business,North
C2519,Individual,North
C2520,Enterprise,South
C2521,Individual,East
C2522,Individual,North
C2523,Individual,East
C2524,Individual,North
C2525,Individual,North
C2526,Individual,South
C2527,Individual,Central
C2528,Individual,Central
C2529,Individual,North
C2530,Business,West
C2531,Individual,East
C2532,Individual,Central
C2533,Individual,East
C2534,Individual,East
C2535,Business,South
C2536,Individual,East
C2537,Individual,North
C2538,Business,Central
C2539,Individual,South
C2540,Individual,South
C2541,Individual,South
C2542,Business,South
C2543,Individual,West
C2544,Individual,West
C2545,Individual,West
C2546,Individual,East
C2547,Individual,West
C2548,Individual,Central
C2549,Individual,North
C2550,Business,South
C2551,Business,East
C2552,Individual,South
C2553,Business,East
C2554,Individual,Central
C2555,Individual,North
C2556,Individual,East
C2557,Business,Central
C2558,Business,North
C2559,Individual,North
C2560,Business,North
C2561,Individual,East
C2562,Business,North
C2563,Enterprise,South
C2564,Individual,Central
C2565,Business,East
C2566,Individual,North
C2567,Individual,East
C2568,Individual,East
C2569,Individual,Central
C2570,Business,West
C2571,Individual,South
C2572,Individual,North
C2573,Business,Central
C2574,Enterprise,West
C2575,Individual,East
C2576,Enterprise,Central
C2577,Individual,North
C2578,Business,East
C2579,Individual,East
C2580,Individual,East
C2581,Individual,South
C2582,Individual,East
C2583,Individual,North
C2584,Individual,Central
C2585,Individual,East
C2586,Business,West
C2587,Individual,North
C2588,Individual,South
C2589,Individual,East
C2590,Individual,South
C2591,Business,East
C2592,Business,East
C2593,Individual,Central
C2594,Individual,West
C2595,Business,East
C2596,Individual,West
C2597,Business,East
C2598,Individual,West
C2599,Business,Central
C2600,Individual,North
C2601,Individual,West
C2602,Enterprise,Central
C2603,Individual,Central
C2604,Individual,East
C2605,Individual,East
C2606,Individual,Central
C2607,Individual,West
C2608,Individual,East
C2609,Individual,South
C2610,Individual,East
C2611,Business,North
C2612,Individual,Central
C2613,Individual,North
C2614,Individual,South
C2615,Individual,South
C2616,Individual,East
C2617,Individual,East
C2618,Individual,South
C2619,Individual,East
C2620,Individual,Central
C2621,Individual,Central
C2622,Individual,West
C2623,Individual,Central
C2624,Individual,Central
C2625,Individual,East
C2626,Business,North
C2627,Individual,West
C2628,Individual,North
C2629,Individual,Central
C2630,Individual,North
C2631,Individual,South
C2632,Individual,North
C2633,Business,South
C2634,Individual,West
C2635,Enterprise,West
C2636,Individual,North
C2637,Individual,South
C2638,Individual,South
C2639,Individual,West
C2640,Individual,West
C2641,Individual,Central
C2642,Individual,East
C2643,Business,North
C2644,Business,Central
C2645,Individual,Central
C2646,Individual,South
C2647,Individual,South
C2648,Individual,Central
C2649,Individual,East
C2650,Individual,North
C2651,Individual,South
C2652,Individual,North
C2653,Enterprise,Central
C2654,Individual,North
C2655,Business,Central
C2656,Individual,South
C2657,Individual,Central
C2658,Individual,South
C2659,Individual,Central
C2660,Individual,East
C2661,Individual,East
C2662,Individual,Central
C2663,Individual,South
C2664,Individual,Central
C2665,Individual,South
C2666,Individual,North
C2667,Individual,South
C2668,Individual,South
C2669,Individual,West
C2670,Enterprise,South
C2671,Individual,South
C2672,Business,North
C2673,Individual,West
C2674,Individual,East
C2675,Individual,North
C2676,Individual,East
C2677,Individual,South
C2678,Business,East
C2679,Individual,East
C2680,Individual,Central
C2681,Individual,East
C2682,Business,North
C2683,Individual,North
C2684,Individual,North
C2685,Individual,East
C2686,Business,Central
C2687,Enterprise,Central
C2688,Individual,East
C2689,Business,Central
C2690,Business,Central
C2691,Individual,Central
C2692,Individual,North
C2693,Individual,South
C2694,Enterprise,Central
C2695,Individual,West
C2696,Business,East
C2697,Individual,North
C2698,Business,North
C2699,Individual,South
C2700,Individual,South
C2701,Business,Central
C2702,Business,Central
C2703,Business,West
C2704,Individual,North
C2705,Individual,North
C2706,Individual,West
C2707,Individual,East
C2708,Individual,North
C2709,Individual,East
C2710,Individual,Central
C2711,Enterprise,East
C2712,Individual,South
C2713,Individual,East
C2714,Individual,West
C2715,Individual,West
C2716,Individual,West
C2717,Business,South
C2718,Business,North
C2719,Business,South
C2720,Enterprise,East
C2721,Individual,West
C2722,Individual,Central
C2723,Individual,West
C2724,Individual,East
C2725,Individual,West
C2726,Individual,West
C2727,Individual,North
C2728,Individual,Central
C2729,Individual,Central
C2730,Individual,North
C2731,Individual,South
C2732,Individual,East
C2733,Individual,West
C2734,Business,South
C2735,Individual,Central
C2736,Individual,Central
C2737,Business,Central
C2738,Individual,North
C2739,Individual,South
C2740,Individual,Central
C2741,Individual,North
C2742,Business,Central
C2743,Business,East
C2744,Individual,South
C2745,Individual,South
C2746,Individual,North
C2747,Individual,West
C2748,Individual,Central
C2749,Individual,South
C2750,Individual,East
C2751,Individual,South
C2752,Individual,West
C2753,Individual,North
C2754,Individual,South
C2755,Business,Central
C2756,Individual,South
C2757,Individual,North
C2758,Business,Central
C2759,Individual,South
C2760,Individual,South
C2761,Individual,Central
C2762,Individual,East
C2763,Individual,South
C2764,Individual,Central
C2765,Individual,South
C2766,Business,East
C2767,Individual,South
C2768,Individual,North
C2769,Business,North
C2770,Individual,South
C2771,Business,West
C2772,Individual,East
C2773,Business,Central
C2774,Individual,South
C2775,Business,West
C2776,Business,Central
C2777,Individual,West
C2778,Individual,West
C2779,Individual,Central
C2780,Individual,West
C2781,Individual,North
C2782,Individual,East
C2783,Individual,North
C2784,Individual,South
C2785,Individual,East
C2786,Individual,East
C2787,Individual,Central
C2788,Individual,South
C2789,Individual,Central
C2790,Individual,North
C2791,Individual,North
C2792,Individual,South
C2793,Individual,North
C2794,Business,Central
C2795,Individual,Central
C2796,Individual,Central
C2797,Individual,South
C2798,Business,West
C2799,Business,Central
C2800,Individual,West
C2801,Individual,East
C2802,Business,East
C2803,Individual,East
C2804,Individual,East
C2805,Individual,Central
C2806,Individual,South
C2807,Business,East
C2808,Enterprise,South
C2809,Business,East
C2810,Individual,Central
C2811,Business,East
C2812,Individual,South
C2813,Individual,North
C2814,Business,North
C2815,Individual,South
C2816,Individual,West
C2817,Individual,South
C2818,Business,East
C2819,Individual,North
C2820,Individual,Central
C2821,Individual,Central
C2822,Business,Central
C2823,Business,North
C2824,Individual,North
C2825,Individual,East
C2826,Individual,East
C2827,Enterprise,Central
C2828,Individual,Central
C2829,Business,North
C2830,Individual,South
C2831,Business,Central
C2832,Business,Central
C2833,Individual,West
C2834,Enterprise,East
C2835,Individual,Central
C2836,Individual,North
C2837,Individual,North
C2838,Business,East
C2839,Individual,South
C2840,Individual,Central
C2841,Individual,East
C2842,Individual,North
C2843,Individual,North
C2844,Individual,North
C2845,Business,South
C2846,Individual,North
C2847,Individual,Central
C2848,Individual,North
C2849,Individual,Central
C2850,Business,East
C2851,Business,Central
C2852,Individual,Central
C2853,Business,East
C2854,Business,East
C2855,Business,East
C2856,Individual,South
C2857,Enterprise,Central
C2858,Individual,East
C2859,Individual,East
C2860,Individual,Central
C2861,Individual,West
C2862,Individual,Central
C2863,Individual,West
C2864,Individual,West
C2865,Business,East
C2866,Business,West
C2867,Individual,East
C2868,Business,Central
C2869,Business,South
C2870,Business,Central
C2871,Individual,North
C2872,Individual,East
C2873,Business,North
C2874,Individual,North
C2875,Individual,South
C2876,Individual,West
C2877,Individual,Central
C2878,Individual,North
C2879,Individual,Central
C2880,Individual,East
C2881,Business,Central
C2882,Business,East
C2883,Individual,North
C2884,Enterprise,Central
C2885,Individual,West
C2886,Individual,Central
C2887,Business,South
C2888,Business,Central
C2889,Business,South
C2890,Individual,South
C2891,Business,North
C2892,Individual,Central
C2893,Business,North
C2894,Business,East
C2895,Individual,East
C2896,Individual,South
C2897,Business,South
C2898,Individual,Central
C2899,Individual,North
C2900,Business,Central
C2901,Individual,Central
C2902,Business,Central
C2903,Individual,South
C2904,Individual,South
C2905,Business,West
C2906,Individual,Central
C2907,Individual,East
C2908,Business,East
C2909,Individual,South
C2910,Individual,North
C2911,Individual,North
C2912,Business,Central
C2913,Business,North
C2914,Business,East
C2915,Individual,Central
C2916,Business,Central
C2917,Individual,East
C2918,Individual,East
C2919,Individual,South
C2920,Business,East
C2921,Business,North
C2922,Individual,Central
C2923,Individual,North
C2924,Business,South
C2925,Individual,West
C2926,Enterprise,Central
C2927,Individual,South
C2928,Individual,North
C2929,Individual,South
C2930,Individual,Central
C2931,Business,North
C2932,Individual,East
C2933,Business,South
C2934,Individual,South
C2935,Individual,North
C2936,Individual,North
C2937,Individual,North
C2938,Enterprise,East
C2939,Individual,West
C2940,Individual,South
C2941,Individual,North
C2942,Individual,East
C2943,Individual,North
C2944,Business,South
C2945,Individual,Central
C2946,Individual,East
C2947,Individual,South
C2948,Enterprise,East
C2949,Individual,East
C2950,Individual,Central
C2951,Individual,East
C2952,Individual,East
C2953,Individual,North
C2954,Individual,Central
C2955,Business,Central
C2956,Individual,South
C2957,Business,North
C2958,Individual,South
C2959,Individual,Central
C2960,Individual,West
C2961,Individual,North
C2962,Business,Central
C2963,Individual,South
C2964,Individual,South
C2965,Individual,Central
C2966,Enterprise,North
C2967,Individual,Central
C2968,Business,East
C2969,Individual,East
C2970,Individual,South
C2971,Individual,East
C2972,Individual,East
C2973,Individual,Central
C2974,Individual,West
C2975,Business,East
C2976,Business,Central
C2977,Business,Central
C2978,Individual,Central
C2979,Individual,Central
C2980,Individual,East
C2981,Business,South
C2982,Business,East
C2983,Individual,East
C2984,Individual,South
C2985,Individual,East
C2986,Individual,Central
C2987,Individual,North
C2988,Individual,East
C2989,Business,Central
C2990,Individual,Central
C2991,Individual,West
C2992,Enterprise,East
C2993,Individual,North
C2994,Individual,East
C2995,Individual,East
C2996,Individual,North
C2997,Individual,Central
C2998,Business,West
C2999,Individual,North
C3000,Individual,Central
C3001,Individual,South
C3002,Individual,East
C3003,Business,Central
C3004,Business,North
C3005,Individual,Central
C3006,Business,West
C3007,Individual,Central
C3008,Enterprise,South
C3009,Individual,West
C3010,Enterprise,Central
C3011,Business,West
C3012,Individual,West
C3013,Individual,West
C3014,Enterprise,Central
C3015,Business,East
C3016,Individual,East
C3017,Business,West
C3018,Individual,Central
C3019,Individual,East
C3020,Individual,North
C3021,Individual,Central
C3022,Business,North
C3023,Individual,East
C3024,Business,South
C3025,Individual,South
C3026,Individual,West
C3027,Individual,North
C3028,Individual,South
C3029,Individual,North
C3030,Individual,North
C3031,Individual,East
C3032,Individual,West
C3033,Individual,South
C3034,Individual,East
C3035,Business,Central
C3036,Business,Central
C3037,Individual,South
C3038,Individual,Central
C3039,Individual,North
C3040,Enterprise,South
C3041,Individual,Central
C3042,Individual,North
C3043,Individual,South
C3044,Individual,South
C3045,Individual,West
C3046,Business,East
C3047,Individual,North
C3048,Individual,West
C3049,Individual,East
C3050,Individual,Central
C3051,Business,Central
C3052,Individual,East
C3053,Business,South
C3054,Individual,East
C3055,Individual,East
C3056,Enterprise,South
C3057,Individual,West
C3058,Business,South
C3059,Individual,Central
C3060,Business,East
C3061,Individual,North
C3062,Individual,East
C3063,Business,West
C3064,Business,East
C3065,Business,South
C3066,Business,South
C3067,Business,North
C3068,Individual,North
C3069,Individual,East
C3070,Individual,East
C3071,Individual,East
C3072,Individual,Central
C3073,Individual,South
C3074,Individual,East
C3075,Individual,South
C3076,Individual,South
C3077,Individual,East
C3078,Individual,East
C3079,Business,North
C3080,Business,West
C3081,Individual,Central
C3082,Individual,West
C3083,Individual,Central
C3084,Individual,Central
C3085,Individual,West
C3086,Individual,Central
C3087,Individual,East
C3088,Individual,East
C3089,Enterprise,West
C3090,Enterprise,West
C3091,Individual,North
C3092,Individual,East
C3093,Individual,Central
C3094,Individual,North
C3095,Business,East
C3096,Individual,North
C3097,Business,South
C3098,Individual,South
C3099,Enterprise,East
C3100,Individual,West
C3101,Business,Central
C3102,Individual,South
C3103,Individual,West
C3104,Individual,South
C3105,Individual,Central
C3106,Business,South
C3107,Business,North
C3108,Business,Central
C3109,Individual,East
C3110,Business,South
C3111,Individual,West
C3112,Individual,East
C3113,Individual,East
C3114,Individual,Central
C3115,Individual,North
C3116,Individual,Central
C3117,Individual,West
C3118,Business,Central
C3119,Individual,North
C3120,Individual,South
C3121,Individual,North
C3122,Individual,Central
C3123,Individual,South
C3124,Individual,Central
C3125,Individual,Central
C3126,Individual,North
C3127,Individual,East
C3128,Business,South
C3129,Individual,North
C3130,Individual,South
C3131,Business,North
C3132,Individual,West
C3133,Individual,Central
C3134,Business,East
C3135,Individual,West
C3136,Individual,East
C3137,Individual,Central
C3138,Individual,North
C3139,Individual,East
C3140,Individual,Central
C3141,Individual,East
C3142,Individual,East
C3143,Individual,East
C3144,Individual,Central
C3145,Individual,East
C3146,Individual,East
C3147,Individual,East
C3148,Business,Central
C3149,Individual,Central
C3150,Individual,North
C3151,Individual,Central
C3152,Individual,South
C3153,Business,West
C3154,Individual,North
C3155,Enterprise,East
C3156,Individual,Central
C3157,Business,Central
C3158,Individual,Central
C3159,Business,North
C3160,Individual,West
C3161,Individual,Central
C3162,Individual,South
C3163,Individual,South
C3164,Business,West
C3165,Individual,Central
C3166,Individual,Central
C3167,Business,Central
C3168,Individual,South
C3169,Enterprise,North
C3170,Business,West
C3171,Individual,South
C3172,Business,South
C3173,Individual,South
C3174,Individual,Central
C3175,Individual,South
C3176,Individual,West
C3177,Business,East
C3178,Business,West
C3179,Individual,East
C3180,Individual,Central
C3181,Enterprise,Central
C3182,Individual,Central
C3183,Individual,North
C3184,Individual,Central
C3185,Business,South
C3186,Individual,East
C3187,Business,West
C3188,Business,East
C3189,Individual,West
C3190,Individual,Central
C3191,Business,Central
C3192,Individual,East
C3193,Business,North
C3194,Business,North
C3195,Individual,North
C3196,Business,North
C3197,Business,South
C3198,Business,South
C3199,Individual,South
C3200,Individual,East
C3201,Individual,North
C3202,Individual,North
C3203,Individual,Central
C3204,Business,North
C3205,Individual,East
C3206,Individual,East
C3207,Individual,East
C3208,Business,Central
C3209,Individual,South
C3210,Individual,South
C3211,Individual,South
C3212,Business,South
C3213,Individual,South
C3214,Individual,South
C3215,Enterprise,East
C3216,Business,Central
C3217,Enterprise,East
C3218,Individual,Central
C3219,Individual,Central
C3220,Business,West
C3221,Individual,West
C3222,Business,Central
C3223,Individual,South
C3224,Individual,Central
C3225,Individual,South
C3226,Individual,East
C3227,Individual,West
C3228,Individual,East
C3229,Enterprise,North
C3230,Individual,South
C3231,Individual,North
C3232,Business,West
C3233,Individual,West
C3234,Individual,South
C3235,Business,North
C3236,Individual,North
C3237,Business,Central
C3238,Business,East
C3239,Enterprise,South
C3240,Individual,North
C3241,Individual,South
C3242,Individual,East
C3243,Individual,Central
C3244,Business,West
C3245,Individual,West
C3246,Individual,West
C3247,Business,North
C3248,Individual,Central
C3249,Individual,North
C3250,Individual,North
C3251,Business,Central
C3252,Individual,South
C3253,Business,South
C3254,Individual,West
C3255,Business,Central
C3256,Business,East
C3257,Individual,East
C3258,Individual,East
C3259,Individual,West
C3260,Business,East
C3261,Individual,West
C3262,Individual,North
C3263,Individual,South
C3264,Individual,Central
C3265,Individual,Central
C3266,Individual,Central
C3267,Individual,Central
C3268,Business,North
C3269,Individual,Central
C3270,Individual,Central
C3271,Enterprise,West
C3272,Business,Central
C3273,Business,East
C3274,Individual,Central
C3275,Individual,West
C3276,Individual,West
C3277,Business,East
C3278,Individual,East
C3279,Individual,Central
C3280,Individual,West
C3281,Individual,West
C3282,Individual,West
C3283,Individual,East
C3284,Individual,North
C3285,Individual,West
C3286,Enterprise,North
C3287,Business,South
C3288,Business,Central
C3289,Business,West
C3290,Individual,Central
C3291,Individual,Central
C3292,Individual,South
C3293,Individual,East
C3294,Individual,South
C3295,Individual,Central
C3296,Individual,Central
C3297,Individual,East
C3298,Individual,West
C3299,Individual,East
C3300,Business,South
C3301,Individual,West
C3302,Individual,North
C3303,Individual,South
C3304,Individual,South
C3305,Individual,South
C3306,Individual,East
C3307,Individual,South
C3308,Individual,North
C3309,Business,North
C3310,Business,Central
C3311,Individual,South
C3312,Individual,Central
C3313,Business,Central
C3314,Individual,East
C3315,Individual,East
C3316,Individual,East
C3317,Business,South
C3318,Individual,West
C3319,Individual,West
C3320,Business,East
C3321,Individual,East
C3322,Individual,North
C3323,Enterprise,West
C3324,Individual,North
C3325,Individual,Central
C3326,Individual,South
C3327,Individual,Central
C3328,Individual,West
C3329,Individual,South
C3330,Individual,South
C3331,Business,East
C3332,Individual,South
C3333,Individual,Central
C3334,Individual,South
C3335,Business,East
C3336,Individual,North
C3337,Individual,East
C3338,Individual,Central
C3339,Individual,Central
C3340,Individual,Central
C3341,Business,North
C3342,Individual,East
C3343,Individual,East
C3344,Individual,North
C3345,Business,South
C3346,Individual,East
C3347,Individual,Central
C3348,Individual,Central
C3349,Individual,West
C3350,Individual,South
C3351,Individual,West
C3352,Individual,North
C3353,Individual,East
C3354,Individual,Central
C3355,Individual,North
C3356,Individual,South
C3357,Business,North
C3358,Enterprise,Central
C3359,Enterprise,North
C3360,Business,Central
C3361,Individual,East
C3362,Business,South
C3363,Individual,Central
C3364,Individual,Central
C3365,Individual,Central
C3366,Individual,South
C3367,Business,Central
C3368,Individual,East
C3369,Individual,Central
C3370,Business,Central
C3371,Individual,West
C3372,Individual,East
C3373,Business,Central
C3374,Individual,East
C3375,Individual,South
C3376,Individual,East
C3377,Individual,South
C3378,Business,East
C3379,Individual,West
C3380,Individual,Central
C3381,Individual,South
C3382,Individual,South
C3383,Enterprise,Central
C3384,Individual,Central
C3385,Individual,Central
C3386,Individual,East
C3387,Individual,South
C3388,Business,South
C3389,Individual,Central
C3390,Individual,South
C3391,Individual,West
C3392,Business,North
C3393,Individual,South
C3394,Business,East
C3395,Individual,East
C3396,Business,South
C3397,Individual,West
C3398,Individual,North
C3399,Individual,West
C3400,Individual,Central
C3401,Business,North
C3402,Business,Central
C3403,Individual,East
C3404,Individual,North
C3405,Individual,Central
C3406,Business,Central
C3407,Individual,West
C3408,Individual,East
C3409,Individual,South
C3410,Individual,South
C3411,Individual,South
C3412,Individual,North
C3413,Individual,West
C3414,Enterprise,Central
C3415,Individual,North
C3416,Individual,North
C3417,Individual,South
C3418,Business,South
C3419,Individual,South
C3420,Individual,Central
C3421,Individual,South
C3422,Individual,Central
C3423,Individual,Central
C3424,Business,Central
C3425,Business,East
C3426,Individual,North
C3427,Individual,South
C3428,Business,East
C3429,Individual,East
C3430,Business,South
C3431,Individual,North
C3432,Business,North
C3433,Business,East
C3434,Business,South
C3435,Individual,East
C3436,Individual,West
C3437,Business,Central
C3438,Individual,Central
C3439,Individual,East
C3440,Business,North
C3441,Business,Central
C3442,Business,West
C3443,Individual,Central
C3444,Business,West
C3445,Business,East
C3446,Individual,East
C3447,Individual,Central
C3448,Individual,Central
C3449,Individual,South
C3450,Enterprise,Central
C3451,Individual,North
C3452,Business,North
C3453,Enterprise,Central
C3454,Individual,Central
C3455,Business,East
C3456,Individual,Central
C3457,Business,Central
C3458,Individual,South
C3459,Business,West
C3460,Individual,North
C3461,Individual,Central
C3462,Business,South
C3463,Individual,West
C3464,Individual,East
C3465,Individual,South
C3466,Business,North
C3467,Individual,South
C3468,Individual,Central
C3469,Individual,East
C3470,Individual,East
C3471,Individual,West
C3472,Individual,North
C3473,Individual,Central
C3474,Individual,South
C3475,Individual,East
C3476,Business,East
C3477,Individual,Central
C3478,Individual,North
C3479,Individual,South
C3480,Individual,North
C3481,Business,West
C3482,Individual,South
C3483,Individual,East
C3484,Individual,South
C3485,Individual,East
C3486,Individual,North
C3487,Individual,East
C3488,Individual,North
C3489,Enterprise,South
C3490,Individual,Central
C3491,Individual,South
C3492,Business,North
C3493,Business,North
C3494,Individual,West
C3495,Business,Central
C3496,Business,East
C3497,Individual,West
C3498,Individual,Central
C3499,Individual,East
C3500,Enterprise,North
C3501,Individual,Central
C3502,Individual,North
C3503,Business,West
C3504,Individual,Central
C3505,Individual,South
C3506,Individual,South
C3507,Individual,West
C3508,Business,Central
C3509,Individual,East
C3510,Business,East
C3511,Individual,East
C3512,Individual,West
C3513,Enterprise,East
C3514,Individual,Central
C3515,Individual,South
C3516,Individual,North
C3517,Business,North
C3518,Individual,South
C3519,Individual,North
C3520,Individual,South
C3521,Individual,West
C3522,Business,Central
C3523,Individual,West
C3524,Individual,South
C3525,Individual,South
C3526,Individual,East
C3527,Business,North
C3528,Individual,South
C3529,Enterprise,North
C3530,Individual,North
C3531,Individual,West
C3532,Business,East
C3533,Individual,Central
C3534,Business,Central
C3535,Enterprise,North
C3536,Individual,Central
C3537,Individual,South
C3538,Business,Central
C3539,Individual,South
C3540,Individual,Central
C3541,Individual,North
C3542,Individual,East
C3543,Business,South
C3544,Individual,West
C3545,Individual,West
C3546,Individual,North
C3547,Individual,Central
C3548,Individual,East
C3549,Business,West
C3550,Individual,East
C3551,Business,Central
C3552,Business,West
C3553,Individual,North
C3554,Individual,East
C3555,Individual,West
C3556,Individual,Central
C3557,Business,West
C3558,Business,North
C3559,Individual,West
C3560,Individual,North
C3561,Business,West
C3562,Enterprise,Central
C3563,Individual,East
C3564,Individual,South
C3565,Individual,South
C3566,Enterprise,Central
C3567,Individual,East
C3568,Individual,Central
C3569,Individual,South
C3570,Individual,North
C3571,Individual,West
C3572,Enterprise,Central
C3573,Individual,Central
C3574,Individual,Central
C3575,Individual,North
C3576,Individual,Central
C3577,Individual,South
C3578,Individual,West
C3579,Individual,East
C3580,Individual,South
C3581,Individual,Central
C3582,Individual,East
C3583,Enterprise,Central
C3584,Business,East
C3585,Individual,North
C3586,Individual,North
C3587,Business,North
C3588,Individual,West
C3589,Business,Central
C3590,Business,South
C3591,Individual,Central
C3592,Individual,East
C3593,Enterprise,West
C3594,Individual,South
C3595,Individual,South
C3596,Individual,West
C3597,Individual,South
C3598,Individual,South
C3599,Business,South
C3600,Enterprise,East
C3601,Individual,Central
C3602,Individual,East
C3603,Individual,South
C3604,Individual,Central
C3605,Individual,East
C3606,Enterprise,North
C3607,Business,Central
C3608,Individual,East
C3609,Individual,West
C3610,Individual,West
C3611,Individual,West
C3612,Individual,West
C3613,Individual,Central
C3614,Enterprise,North
C3615,Individual,East
C3616,Individual,North
C3617,Business,South
C3618,Individual,South
C3619,Individual,North
C3620,Individual,West
C3621,Individual,South
C3622,Business,South
C3623,Individual,West
C3624,Business,South
C3625,Individual,Central
C3626,Individual,South
C3627,Business,East
C3628,Individual,East
C3629,Individual,East
C3630,Individual,East
C3631,Individual,North
C3632,Individual,West
C3633,Individual,West
C3634,Individual,Central
C3635,Individual,Central
C3636,Enterprise,West
C3637,Individual,West
C3638,Business,West
C3639,Individual,West
C3640,Individual,South
C3641,Business,East
C3642,Individual,South
C3643,Business,Central
C3644,Individual,East
C3645,Individual,South
C3646,Individual,East
C3647,Individual,South
C3648,Business,South
C3649,Individual,Central
C3650,Enterprise,North
C3651,Enterprise,Central
C3652,Individual,Central
C3653,Individual,West
C3654,Business,Central
C3655,Enterprise,North
C3656,Individual,South
C3657,Individual,South
C3658,Individual,Central
C3659,Individual,East
C3660,Individual,East
C3661,Business,Central
C3662,Individual,North
C3663,Individual,West
C3664,Individual,East
C3665,Individual,East
C3666,Individual,Central
C3667,Individual,North
C3668,Individual,South
C3669,Individual,Central
C3670,Individual,South
C3671,Enterprise,South
C3672,Individual,North
C3673,Individual,East
C3674,Individual,East
C3675,Enterprise,North
C3676,Individual,East
C3677,Individual,Central
C3678,Business,East
C3679,Individual,Central
C3680,Individual,Central
C3681,Individual,East
C3682,Individual,South
C3683,Individual,West
C3684,Business,North
C3685,Individual,North
C3686,Business,South
C3687,Individual,South
C3688,Business,North
C3689,Individual,East
C3690,Individual,East
C3691,Individual,West
C3692,Enterprise,West
C3693,Individual,North
C3694,Individual,East
C3695,Individual,North
C3696,Individual,East
C3697,Individual,South
C3698,Individual,West
C3699,Individual,East
C3700,Individual,West
C3701,Individual,East
C3702,Individual,West
C3703,Business,East
C3704,Individual,South
C3705,Individual,North
C3706,Individual,North
C3707,Enterprise,Central
C3708,Enterprise,South
C3709,Business,South
C3710,Individual,South
C3711,Individual,West
C3712,Individual,West
C3713,Individual,Central
C3714,Individual,North
C3715,Business,North
C3716,Business,North
C3717,Business,East
C3718,Individual,South
C3719,Individual,South
C3720,Individual,West
C3721,Individual,East
C3722,Business,Central
C3723,Individual,East
C3724,Individual,South
C3725,Individual,North
C3726,Individual,Central
C3727,Business,South
C3728,Individual,North
C3729,Business,North
C3730,Individual,East
C3731,Individual,East
C3732,Business,Central
C3733,Individual,Central
C3734,Enterprise,East
C3735,Individual,Central
C3736,Individual,West
C3737,Individual,South
C3738,Business,North
C3739,Individual,Central
C3740,Business,Central
C3741,Individual,Central
C3742,Individual,Central
C3743,Individual,South
C3744,Individual,Central
C3745,Individual,South
C3746,Business,South
C3747,Individual,North
C3748,Individual,Central
C3749,Individual,Central
C3750,Individual,Central
C3751,Individual,East
C3752,Individual,North
C3753,Individual,East
C3754,Individual,South
C3755,Individual,South
C3756,Individual,South
C3757,Individual,East
C3758,Individual,North
C3759,Individual,Central
C3760,Business,South
C3761,Business,North
C3762,Business,South
C3763,Individual,East
C3764,Business,South
C3765,Business,South
C3766,Business,South
C3767,Individual,East
C3768,Individual,East
C3769,Business,South
C3770,Individual,East
C3771,Individual,West
C3772,Individual,South
C3773,Individual,North
C3774,Individual,East
C3775,Individual,South
C3776,Individual,Central
C3777,Individual,West
C3778,Individual,Central
C3779,Individual,East
C3780,Individual,East
C3781,Individual,West
C3782,Business,Central
C3783,Individual,South
C3784,Individual,North
C3785,Individual,North
C3786,Business,Central
C3787,Individual,South
C3788,Individual,South
C3789,Individual,Central
C3790,Individual,South
C3791,Business,East
C3792,Business,East
C3793,Individual,West
C3794,Individual,North
C3795,Individual,West
C3796,Individual,West
C3797,Individual,North
C3798,Individual,Central
C3799,Individual,South
C3800,Individual,North
C3801,Business,South
C3802,Individual,South
C3803,Business,East
C3804,Business,South
C3805,Individual,Central
C3806,Business,West
C3807,Individual,North
C3808,Individual,West
C3809,Individual,Central
C3810,Enterprise,West
C3811,Individual,Central
C3812,Individual,Central
C3813,Business,Central
C3814,Individual,East
C3815,Individual,West
C3816,Business,South
C3817,Business,West
C3818,Enterprise,South
C3819,Enterprise,East
C3820,Individual,East
C3821,Business,North
C3822,Individual,North
C3823,Individual,West
C3824,Individual,West
C3825,Individual,West
C3826,Enterprise,West
C3827,Business,Central
C3828,Individual,East
C3829,Individual,North
C3830,Individual,West
C3831,Business,South
C3832,Business,South
C3833,Individual,South
C3834,Individual,North
C3835,Individual,Central
C3836,Individual,West
C3837,Business,East
C3838,Individual,Central
C3839,Individual,East
C3840,Individual,South
C3841,Individual,North
C3842,Enterprise,North
C3843,Individual,West
C3844,Individual,East
C3845,Individual,South
C3846,Individual,South
C3847,Individual,Central
C3848,Business,South
C3849,Individual,Central
C3850,Individual,Central
C3851,Individual,East
C3852,Individual,West
C3853,Individual,North
C3854,Individual,Central
C3855,Business,East
C3856,Business,West
C3857,Individual,East
C3858,Individual,West
C3859,Individual,South
C3860,Individual,East
C3861,Business,Central
C3862,Individual,North
C3863,Individual,North
C3864,Business,South
C3865,Business,West
C3866,Individual,West
C3867,Individual,Central
C3868,Individual,Central
C3869,Individual,North
C3870,Business,North
C3871,Business,South
C3872,Business,West
C3873,Individual,West
C3874,Business,East
C3875,Individual,East
C3876,Individual,South
C3877,Individual,Central
C3878,Individual,South
C3879,Business,South
C3880,Individual,East
C3881,Individual,Central
C3882,Individual,North
C3883,Individual,North
C3884,Individual,West
C3885,Individual,South
C3886,Business,East
C3887,Individual,East
C3888,Individual,North
C3889,Individual,South
C3890,Business,West
C3891,Individual,South
C3892,Individual,West
C3893,Individual,Central
C3894,Individual,Central
C3895,Individual,West
C3896,Business,East
C3897,Individual,West
C3898,Individual,East
C3899,Business,West
C3900,Individual,East
C3901,Individual,East
C3902,Individual,South
C3903,Individual,North
C3904,Individual,West
C3905,Individual,South
C3906,Business,South
C3907,Enterprise,South
C3908,Individual,South
C3909,Individual,South
C3910,Individual,Central
C3911,Business,West
C3912,Individual,South
C3913,Individual,South
C3914,Business,Central
C3915,Business,Central
C3916,Business,Central
C3917,Individual,East
C3918,Business,Central
C3919,Business,West
C3920,Individual,Central
C3921,Individual,Central
C3922,Individual,Central
C3923,Enterprise,Central
C3924,Individual,East
C3925,Individual,West
C3926,Individual,South
C3927,Business,Central
C3928,Individual,North
C3929,Individual,South
C3930,Individual,West
C3931,Business,Central
C3932,Individual,East
C3933,Individual,South
C3934,Business,North
C3935,Individual,South
C3936,Business,Central
C3937,Individual,East
C3938,Individual,Central
C3939,Individual,East
C3940,Individual,Central
C3941,Individual,West
C3942,Individual,Central
C3943,Business,West
C3944,Individual,East
C3945,Individual,West
C3946,Individual,South
C3947,Enterprise,East
C3948,Individual,North
C3949,Individual,Central
C3950,Individual,South
C3951,Individual,Central
C3952,Individual,West
C3953,Business,Central
C3954,Individual,South
C3955,Business,South
C3956,Individual,South
C3957,Individual,East
C3958,Business,Central
C3959,Individual,South
C3960,Enterprise,North
C3961,Individual,West
C3962,Business,East
C3963,Individual,West
C3964,Individual,Central
C3965,Individual,North
C3966,Individual,Central
C3967,Individual,Central
C3968,Individual,Central
C3969,Individual,East
C3970,Individual,Central
C3971,Business,South
C3972,Individual,West
C3973,Individual,East
C3974,Individual,North
C3975,Individual,North
C3976,Individual,South
C3977,Individual,Central
C3978,Business,East
C3979,Business,North
C3980,Individual,West
C3981,Individual,East
C3982,Individual,South
C3983,Individual,North
C3984,Individual,Central
C3985,Individual,East
C3986,Individual,South
C3987,Individual,Central
C3988,Individual,Central
C3989,Business,Central
C3990,Individual,East
C3991,Business,Central
C3992,Enterprise,South
C3993,Individual,South
C3994,Individual,South
C3995,Individual,West
C3996,Enterprise,West
C3997,Enterprise,South
C3998,Individual,Central
C3999,Individual,North
C4000,Business,South
C4001,Individual,South
C4002,Business,East
C4003,Business,Central
C4004,Individual,East
C4005,Individual,Central
C4006,Individual,East
C4007,Individual,North
C4008,Individual,East
C4009,Business,Central
C4010,Business,North
C4011,Business,East
C4012,Individual,Central
C4013,Business,East
C4014,Business,East
C4015,Individual,South
C4016,Individual,North
C4017,Individual,South
C4018,Business,South
C4019,Individual,South
C4020,Business,East
C4021,Individual,South
C4022,Business,Central
C4023,Individual,Central
C4024,Individual,Central
C4025,Individual,North
C4026,Individual,East
C4027,Business,East
C4028,Individual,Central
C4029,Individual,West
C4030,Individual,South
C4031,Individual,West
C4032,Individual,East
C4033,Individual,East
C4034,Business,Central
C4035,Individual,Central
C4036,Business,Central
C4037,Enterprise,East
C4038,Individual,North
C4039,Individual,East
C4040,Individual,North
C4041,Enterprise,East
C4042,Business,Central
C4043,Individual,Central
C4044,Business,North
C4045,Individual,North
C4046,Enterprise,North
C4047,Enterprise,East
C4048,Individual,Central
C4049,Individual,North
C4050,Individual,East
C4051,Individual,Central
C4052,Business,West
C4053,Individual,West
C4054,Individual,Central
C4055,Individual,North
C4056,Enterprise,North
C4057,Individual,East
C4058,Individual,South
C4059,Individual,East
C4060,Enterprise,East
C4061,Business,Central
C4062,Individual,East
C4063,Individual,East
C4064,Individual,South
C4065,Individual,West
C4066,Individual,East
C4067,Business,Central
C4068,Individual,North
C4069,Business,South
C4070,Individual,Central
C4071,Business,West
C4072,Business,Central
C4073,Individual,East
C4074,Individual,South
C4075,Individual,Central
C4076,Individual,West
C4077,Individual,West
C4078,Individual,South
C4079,Enterprise,Central
C4080,Individual,Central
C4081,Business,North
C4082,Individual,North
C4083,Business,South
C4084,Individual,West
C4085,Business,South
C4086,Individual,West
C4087,Individual,East
C4088,Individual,South
C4089,Individual,West
C4090,Individual,South
C4091,Individual,West
C4092,Individual,North
C4093,Business,Central
C4094,Individual,West
C4095,Individual,South
C4096,Business,West
C4097,Individual,West
C4098,Individual,Central
C4099,Individual,South
C4100,Enterprise,North
C4101,Business,South
C4102,Business,East
C4103,Individual,North
C4104,Business,South
C4105,Individual,East
C4106,Individual,Central
C4107,Individual,East
C4108,Individual,South
C4109,Individual,West
C4110,Individual,North
C4111,Individual,Central
C4112,Individual,South
C4113,Business,Central
C4114,Individual,West
C4115,Business,Central
C4116,Individual,East
C4117,Business,South
C4118,Individual,North
C4119,Individual,Central
C4120,Individual,South
C4121,Individual,South
C4122,Business,North
C4123,Individual,West
C4124,Individual,North
C4125,Business,South
C4126,Individual,South
C4127,Individual,Central
C4128,Individual,West
C4129,Individual,North
C4130,Individual,Central
C4131,Individual,North
C4132,Enterprise,South
C4133,Individual,South
C4134,Individual,East
C4135,Individual,Central
C4136,Business,North
C4137,Business,East
C4138,Individual,Central
C4139,Business,West
C4140,Individual,Central
C4141,Individual,East
C4142,Individual,North
C4143,Individual,South
C4144,Individual,Central
C4145,Business,Central
C4146,Individual,Central
C4147,Enterprise,Central
C4148,Individual,North
C4149,Individual,South
C4150,Individual,South
C4151,Individual,East
C4152,Individual,East
C4153,Individual,South
C4154,Individual,North
C4155,Individual,South
C4156,Business,North
C4157,Individual,East
C4158,Individual,Central
C4159,Individual,Central
C4160,Business,East
C4161,Business,Central
C4162,Individual,West
C4163,Individual,West
C4164,Individual,Central
C4165,Enterprise,Central
C4166,Individual,South
C4167,Individual,South
C4168,Individual,North
C4169,Individual,East
C4170,Enterprise,South
C4171,Individual,North
C4172,Individual,Central
C4173,Individual,East
C4174,Business,Central
C4175,Business,East
C4176,Individual,North
C4177,Individual,South
C4178,Business,West
C4179,Individual,West
C4180,Individual,North
C4181,Individual,Central
C4182,Enterprise,East
C4183,Individual,South
C4184,Business,Central
C4185,Individual,West
C4186,Individual,Central
C4187,Individual,Central
C4188,Individual,Central
C4189,Individual,South
C4190,Individual,East
C4191,Individual,North
C4192,Business,North
C4193,Enterprise,North
C4194,Individual,East
C4195,Individual,Central
C4196,Individual,West
C4197,Individual,Central
C4198,Business,West
C4199,Individual,Central
C4200,Individual,East
C4201,Business,Central
C4202,Individual,Central
C4203,Individual,West
C4204,Individual,West
C4205,Individual,North
C4206,Individual,East
C4207,Business,South
C4208,Business,West
C4209,Individual,North
C4210,Business,South
C4211,Individual,South
C4212,Business,North
C4213,Individual,West
C4214,Business,Central
C4215,Business,Central
C4216,Individual,South
C4217,Business,East
C4218,Business,Central
C4219,Business,North
C4220,Individual,West
C4221,Business,Central
C4222,Business,East
C4223,Individual,East
C4224,Enterprise,South
C4225,Individual,West
C4226,Individual,East
C4227,Individual,South
C4228,Individual,South
C4229,Individual,East
C4230,Individual,South
C4231,Enterprise,West
C4232,Individual,North
C4233,Individual,North
C4234,Individual,Central
C4235,Individual,Central
C4236,Business,Central
C4237,Individual,West
C4238,Business,East
C4239,Individual,East
C4240,Individual,South
C4241,Individual,East
C4242,Individual,South
C4243,Individual,West
C4244,Individual,North
C4245,Individual,West
C4246,Business,East
C4247,Individual,North
C4248,Individual,South
C4249,Individual,South
C4250,Individual,Central
C4251,Business,South
C4252,Individual,North
C4253,Individual,Central
C4254,Enterprise,West
C4255,Individual,East
C4256,Individual,West
C4257,Individual,East
C4258,Individual,North
C4259,Business,South
C4260,Business,East
C4261,Enterprise,West
C4262,Individual,North
C4263,Individual,West
C4264,Business,West
C4265,Individual,East
C4266,Individual,West
C4267,Individual,North
C4268,Individual,West
C4269,Individual,East
C4270,Business,Central
C4271,Business,West
C4272,Individual,South
C4273,Individual,South
C4274,Individual,South
C4275,Business,Central
C4276,Individual,South
C4277,Business,East
C4278,Individual,Central
C4279,Individual,North
C4280,Individual,Central
C4281,Business,North
C4282,Individual,East
C4283,Individual,East
C4284,Individual,West
C4285,Business,South
C4286,Business,North
C4287,Individual,West
C4288,Business,East
C4289,Individual,South
C4290,Individual,East
C4291,Individual,West
C4292,Individual,East
C4293,Business,North
C4294,Business,East
C4295,Individual,Central
C4296,Individual,North
C4297,Business,North
C4298,Business,Central
C4299,Individual,Central
C4300,Enterprise,Central
C4301,Individual,East
C4302,Individual,East
C4303,Business,West
C4304,Individual,North
C4305,Individual,South
C4306,Individual,West
C4307,Business,Central
C4308,Business,East
C4309,Individual,East
C4310,Individual,Central
C4311,Individual,West
C4312,Individual,East
C4313,Individual,Central
C4314,Business,Central
C4315,Individual,Central
C4316,Individual,North
C4317,Individual,South
C4318,Individual,South
C4319,Business,North
C4320,Individual,West
C4321,Individual,North
C4322,Individual,Central
C4323,Individual,North
C4324,Individual,South
C4325,Individual,North
C4326,Individual,North
C4327,Individual,Central
C4328,Individual,East
C4329,Individual,West
C4330,Enterprise,North
C4331,Individual,North
C4332,Individual,South
C4333,Individual,East
C4334,Individual,North
C4335,Business,West
C4336,Individual,South
C4337,Business,South
C4338,Individual,East
C4339,Individual,West
C4340,Business,East
C4341,Individual,Central
C4342,Individual,North
C4343,Individual,South
C4344,Business,North
C4345,Individual,East
C4346,Business,East
C4347,Individual,East
C4348,Business,West
C4349,Individual,North
C4350,Business,West
C4351,Individual,East
C4352,Business,North
C4353,Individual,East
C4354,Individual,Central
C4355,Individual,East
C4356,Individual,South
C4357,Individual,North
C4358,Business,East
C4359,Enterprise,East
C4360,Individual,Central
C4361,Business,Central
C4362,Individual,South
C4363,Individual,South
C4364,Business,West
C4365,Individual,West
C4366,Enterprise,South
C4367,Individual,East
C4368,Individual,South
C4369,Individual,East
C4370,Individual,Central
C4371,Individual,North
C4372,Enterprise,East
C4373,Business,Central
C4374,Business,East
C4375,Individual,East
C4376,Individual,North
C4377,Individual,South
C4378,Individual,West
C4379,Individual,East
C4380,Business,North
C4381,Individual,North
C4382,Individual,East
C4383,Individual,South
C4384,Individual,Central
C4385,Individual,North
C4386,Business,West
C4387,Individual,East
C4388,Business,West
C4389,Individual,East
C4390,Individual,West
C4391,Individual,Central
C4392,Business,East
C4393,Business,Central
C4394,Individual,East
C4395,Individual,South
C4396,Individual,North
C4397,Individual,West
C4398,Business,West
C4399,Individual,Central
C4400,Individual,South
C4401,Individual,North
C4402,Individual,North
C4403,Individual,East
C4404,Individual,North
C4405,Business,West
C4406,Business,Central
C4407,Individual,East
C4408,Business,East
C4409,Individual,North
C4410,Individual,North
C4411,Individual,East
C4412,Individual,East
C4413,Individual,North
C4414,Individual,South
C4415,Individual,Central
C4416,Enterprise,Central
C4417,Individual,South
C4418,Individual,Central
C4419,Individual,East
C4420,Individual,East
C4421,Individual,West
C4422,Business,East
C4423,Individual,West
C4424,Individual,South
C4425,Individual,South
C4426,Individual,West
C4427,Individual,East
C4428,Individual,Central
C4429,Individual,East
C4430,Individual,West
C4431,Individual,East
C4432,Enterprise,South
C4433,Individual,East
C4434,Business,West
C4435,Business,Central
C4436,Individual,East
C4437,Individual,North
C4438,Individual,East
C4439,Individual,South
C4440,Individual,Central
C4441,Business,Central
C4442,Business,South
C4443,Individual,Central
C4444,Individual,North
C4445,Individual,East
C4446,Business,North
C4447,Individual,South
C4448,Individual,West
C4449,Business,Central
C4450,Individual,North
C4451,Business,South
C4452,Individual,East
C4453,Individual,West
C4454,Business,West
C4455,Individual,East
C4456,Individual,Central
C4457,Individual,Central
C4458,Individual,North
C4459,Individual,Central
C4460,Individual,East
C4461,Individual,East
C4462,Individual,Central
C4463,Business,East
C4464,Business,Central
C4465,Individual,South
C4466,Individual,East
C4467,Individual,North
C4468,Individual,South
C4469,Business,Central
C4470,Business,North
C4471,Individual,East
C4472,Individual,West
C4473,Individual,North
C4474,Individual,North
C4475,Individual,East
C4476,Enterprise,West
C4477,Business,North
C4478,Individual,South
C4479,Individual,East
C4480,Business,South
C4481,Individual,Central
C4482,Individual,South
C4483,Individual,Central
C4484,Business,South
C4485,Individual,South
C4486,Individual,West
C4487,Business,South
C4488,Business,North
C4489,Business,Central
C4490,Individual,West
C4491,Individual,Central
C4492,Business,North
C4493,Business,Central
C4494,Individual,East
C4495,Individual,South
C4496,Business,North
C4497,Business,North
C4498,Individual,West
C4499,Individual,South
C4500,Individual,East
C4501,Individual,West
C4502,Individual,West
C4503,Individual,North
C4504,Individual,West
C4505,Individual,Central
C4506,Individual,North
C4507,Business,West
C4508,Individual,North
C4509,Individual,North
C4510,Business,North
C4511,Individual,South
C4512,Enterprise,South
C4513,Business,East
C4514,Individual,West
C4515,Enterprise,East
C4516,Individual,Central
C4517,Individual,West
C4518,Individual,North
C4519,Individual,Central
C4520,Business,Central
C4521,Individual,South
C4522,Individual,Central
C4523,Individual,Central
C4524,Individual,North
C4525,Individual,North
C4526,Individual,South
C4527,Business,East
C4528,Individual,East
C4529,Business,North
C4530,Individual,Central
C4531,Business,West
C4532,Business,Central
C4533,Individual,West
C4534,Individual,Central
C4535,Business,West
C4536,Individual,North
C4537,Enterprise,South
C4538,Individual,East
C4539,Individual,South
C4540,Individual,North
C4541,Enterprise,South
C4542,Individual,East
C4543,Business,Central
C4544,Business,Central
C4545,Individual,South
C4546,Individual,Central
C4547,Business,East
C4548,Individual,Central
C4549,Business,South
C4550,Individual,Central
C4551,Individual,South
C4552,Business,Central
C4553,Individual,Central
C4554,Individual,Central
C4555,Individual,West
C4556,Individual,Central
C4557,Individual,East
C4558,Business,Central
C4559,Individual,Central
C4560,Individual,South
C4561,Individual,South
C4562,Individual,West
C4563,Individual,West
C4564,Business,East
C4565,Business,South
C4566,Individual,South
C4567,Individual,North
C4568,Individual,West
C4569,Individual,South
C4570,Individual,South
C4571,Individual,Central
C4572,Individual,Central
C4573,Individual,West
C4574,Individual,North
C4575,Enterprise,South
C4576,Individual,Central
C4577,Individual,East
C4578,Individual,Central
C4579,Individual,East
C4580,Business,Central
C4581,Individual,West
C4582,Individual,East
C4583,Individual,Central
C4584,Business,South
C4585,Individual,North
C4586,Individual,Central
C4587,Individual,West
C4588,Individual,North
C4589,Individual,North
C4590,Individual,Central
C4591,Individual,North
C4592,Business,West
C4593,Individual,North
C4594,Individual,West
C4595,Individual,West
C4596,Enterprise,Central
C4597,Individual,Central
C4598,Business,West
C4599,Individual,North
C4600,Individual,Central
C4601,Individual,North
C4602,Individual,South
C4603,Business,East
C4604,Enterprise,Central
C4605,Individual,Central
C4606,Individual,West
C4607,Business,East
C4608,Individual,South
C4609,Individual,East
C4610,Individual,North
C4611,Individual,East
C4612,Individual,North
C4613,Individual,Central
C4614,Individual,East
C4615,Individual,North
C4616,Individual,West
C4617,Individual,North
C4618,Business,West
C4619,Individual,West
C4620,Individual,Central
C4621,Business,East
C4622,Business,South
C4623,Individual,West
C4624,Individual,South
C4625,Business,East
C4626,Business,South
C4627,Enterprise,Central
C4628,Business,Central
C4629,Individual,North
C4630,Individual,East
C4631,Individual,South
C4632,Individual,East
C4633,Individual,North
C4634,Individual,South
C4635,Individual,Central
C4636,Business,East
C4637,Individual,West
C4638,Individual,North
C4639,Individual,Central
C4640,Individual,Central
C4641,Business,East
C4642,Individual,South
C4643,Enterprise,East
C4644,Individual,North
C4645,Individual,East
C4646,Individual,East
C4647,Individual,North
C4648,Business,South
C4649,Individual,Central
C4650,Business,South
C4651,Individual,West
C4652,Business,North
C4653,Individual,East
C4654,Business,South
C4655,Individual,Central
C4656,Individual,South
C4657,Individual,South
C4658,Business,North
C4659,Individual,Central
C4660,Individual,North
C4661,Business,Central
C4662,Individual,Central
C4663,Individual,North
C4664,Individual,North
C4665,Individual,West
C4666,Business,North
C4667,Business,East
C4668,Individual,South
C4669,Enterprise,East
C4670,Individual,North
C4671,Individual,West
C4672,Individual,South
C4673,Individual,East
C4674,Individual,North
C4675,Business,Central
C4676,Business,East
C4677,Individual,Central
C4678,Individual,South
C4679,Business,Central
C4680,Business,South
C4681,Business,West
C4682,Individual,South
C4683,Business,East
C4684,Individual,South
C4685,Individual,South
C4686,Individual,West
C4687,Individual,West
C4688,Individual,East
C4689,Individual,North
C4690,Individual,South
C4691,Business,Central
C4692,Individual,South
C4693,Individual,South
C4694,Individual,East
C4695,Enterprise,West
C4696,Individual,North
C4697,Individual,Central
C4698,Individual,West
C4699,Business,Central
C4700,Enterprise,South
C4701,Individual,Central
C4702,Individual,North
C4703,Business,West
C4704,Individual,Central
C4705,Individual,North
C4706,Individual,North
C4707,Individual,West
C4708,Individual,West
C4709,Individual,Central
C4710,Individual,Central
C4711,Business,South
C4712,Individual,North
C4713,Business,East
C4714,Individual,Central
C4715,Individual,Central
C4716,Individual,East
C4717,Business,Central
C4718,Business,West
C4719,Individual,Central
C4720,Business,Central
C4721,Individual,West
C4722,Enterprise,South
C4723,Business,East
C4724,Business,Central
C4725,Individual,South
C4726,Individual,East
C4727,Individual,North
C4728,Individual,East
C4729,Individual,South
C4730,Individual,North
C4731,Individual,South
C4732,Individual,South
C4733,Individual,Central
C4734,Individual,North
C4735,Enterprise,North
C4736,Individual,North
C4737,Individual,East
C4738,Business,South
C4739,Individual,West
C4740,Individual,North
C4741,Individual,North
C4742,Individual,East
C4743,Enterprise,South
C4744,Individual,South
C4745,Individual,Central
C4746,Individual,North
C4747,Individual,North
C4748,Business,West
C4749,Individual,North
C4750,Individual,West
C4751,Individual,East
C4752,Individual,North
C4753,Individual,South
C4754,Business,East
C4755,Business,West
C4756,Business,Central
C4757,Business,North
C4758,Individual,North
C4759,Individual,Central
C4760,Business,South
C4761,Business,West
C4762,Business,North
C4763,Individual,East
C4764,Individual,South
C4765,Business,North
C4766,Business,Central
C4767,Enterprise,East
C4768,Individual,West
C4769,Individual,East
C4770,Individual,Central
C4771,Business,Central
C4772,Individual,Central
C4773,Individual,South
C4774,Enterprise,East
C4775,Individual,Central
C4776,Business,East
C4777,Individual,South
C4778,Business,East
C4779,Individual,West
C4780,Business,Central
C4781,Business,West
C4782,Individual,Central
C4783,Individual,North
C4784,Individual,West
C4785,Individual,West
C4786,Business,South
C4787,Individual,South
C4788,Individual,East
C4789,Individual,East
C4790,Business,Central
C4791,Enterprise,East
C4792,Individual,South
C4793,Individual,South
C4794,Individual,North
C4795,Individual,South
C4796,Individual,West
C4797,Individual,South
C4798,Individual,West
C4799,Individual,Central
C4800,Individual,East
C4801,Individual,East
C4802,Individual,East
C4803,Business,South
C4804,Business,South
C4805,Individual,West
C4806,Individual,East
C4807,Business,Central
C4808,Enterprise,East
C4809,Individual,North
C4810,Individual,North
C4811,Individual,West
C4812,Individual,South
C4813,Individual,East
C4814,Individual,North
C4815,Individual,Central
C4816,Individual,South
C4817,Individual,Central
C4818,Individual,East
C4819,Individual,North
C4820,Individual,South
C4821,Individual,Central
C4822,Business,North
C4823,Individual,East
C4824,Business,Central
C4825,Business,East
C4826,Individual,West
C4827,Individual,East
C4828,Individual,East
C4829,Business,Central
C4830,Business,North
C4831,Business,West
C4832,Individual,East
C4833,Individual,East
C4834,Individual,East
C4835,Individual,North
C4836,Individual,Central
C4837,Individual,East
C4838,Business,East
C4839,Individual,South
C4840,Individual,West
C4841,Individual,North
C4842,Business,North
C4843,Business,West
C4844,Individual,East
C4845,Individual,South
C4846,Individual,Central
C4847,Business,Central
C4848,Individual,East
C4849,Individual,North
C4850,Individual,East
C4851,Individual,West
C4852,Business,East
C4853,Individual,North
C4854,Individual,East
C4855,Individual,North
C4856,Individual,Central
C4857,Business,Central
C4858,Individual,North
C4859,Business,West
C4860,Business,Central
C4861,Individual,Central
C4862,Individual,West
C4863,Individual,Central
C4864,Business,East
C4865,Individual,North
C4866,Individual,Central
C4867,Individual,West
C4868,Business,Central
C4869,Individual,South
C4870,Individual,North
C4871,Individual,Central
C4872,Individual,Central
C4873,Business,Central
C4874,Individual,Central
C4875,Business,East
C4876,Individual,South
C4877,Individual,North
C4878,Individual,North
C4879,Individual,West
C4880,Individual,West
C4881,Individual,East
C4882,Individual,West
C4883,Individual,North
C4884,Individual,North
C4885,Business,South
C4886,Individual,South
C4887,Individual,South
C4888,Individual,North
C4889,Business,West
C4890,Business,East
C4891,Individual,South
C4892,Business,East
C4893,Individual,North
C4894,Individual,Central
C4895,Business,North
C4896,Business,North
C4897,Individual,Central
C4898,Business,East
C4899,Individual,North
C4900,Business,South
C4901,Individual,Central
C4902,Individual,Central
C4903,Individual,West
C4904,Individual,South
C4905,Individual,West
C4906,Individual,West
C4907,Individual,North
C4908,Individual,North
C4909,Individual,West
C4910,Individual,West
C4911,Individual,South
C4912,Business,East
C4913,Business,East
C4914,Business,North
C4915,Individual,South
C4916,Business,East
C4917,Individual,East
C4918,Individual,Central
C4919,Individual,North
C4920,Business,Central
C4921,Individual,Central
C4922,Individual,West
C4923,Individual,Central
C4924,Business,Central
C4925,Individual,North
C4926,Individual,South
C4927,Individual,South
C4928,Individual,Central
C4929,Individual,Central
C4930,Individual,Central
C4931,Business,South
C4932,Individual,North
C4933,Individual,West
C4934,Individual,South
C4935,Individual,Central
C4936,Individual,East
C4937,Individual,North
C4938,Individual,East
C4939,Business,North
C4940,Individual,South
C4941,Individual,East
C4942,Business,West
C4943,Individual,North
C4944,Business,North
C4945,Individual,South
C4946,Individual,West
C4947,Business,West
C4948,Individual,Central
C4949,Individual,Central
C4950,Business,South
C4951,Individual,Central
C4952,Individual,North
C4953,Individual,Central
C4954,Business,East
C4955,Business,West
C4956,Individual,West
C4957,Individual,North
C4958,Business,South
C4959,Individual,West
C4960,Individual,Central
C4961,Business,East
C4962,Business,North
C4963,Business,Central
C4964,Individual,North
C4965,Individual,Central
C4966,Individual,East
C4967,Individual,North
C4968,Individual,North
C4969,Business,Central
C4970,Individual,West
C4971,Business,South
C4972,Individual,South
C4973,Individual,South
C4974,Individual,North
C4975,Individual,Central
C4976,Individual,East
C4977,Enterprise,Central
C4978,Business,Central
C4979,Individual,East
C4980,Individual,Central
C4981,Business,North
C4982,Individual,South
C4983,Individual,South
C4984,Individual,East
C4985,Business,South
C4986,Individual,East
C4987,Individual,East
C4988,Business,North
C4989,Individual,North
C4990,Individual,South
C4991,Individual,North
C4992,Business,West
C4993,Individual,East
C4994,Enterprise,Central
C4995,Individual,Central
C4996,Individual,Central
C4997,Enterprise,Central
C4998,Individual,Central
C4999,Individual,South
C5000,Individual,West
